snapshot_id,engine_version,captured_at_utc,fx_bar_timestamp_utc,fx_latest_close_timestamp_utc,fx_previous_close_timestamp_utc,fx_source_set,fx_timestamp_match,fx_closed_bar_valid,currency,anchor_strength_pct,anchor_rank,full_strength_pct,full_rank,rank_delta,direction_match,divergence_flag,full_scores_sum_pct,exposure_count,record_status,record_note
fxstrength_20260820T045238Z_0bdab6ae_9b9025dc,m1.6c2_fx_strength_snapshot_v1,2026-08-20T05:06:14Z,2026-08-19T00:00:00Z,2026-08-19T00:00:00Z,2026-08-18T00:00:00Z,AUD/USD|EUR/USD|GBP/USD|NZD/USD|USD/CAD|USD/CHF|USD/JPY,true,true,AUD,0.5546069065,6,-0.2875812081,6,0,false,true,-0.000000000000,7,VALID,
fxstrength_20260820T045238Z_0bdab6ae_9b9025dc,m1.6c2_fx_strength_snapshot_v1,2026-08-20T05:06:14Z,2026-08-19T00:00:00Z,2026-08-19T00:00:00Z,2026-08-18T00:00:00Z,AUD/USD|EUR/USD|GBP/USD|NZD/USD|USD/CAD|USD/CHF|USD/JPY,true,true,CAD,0.6390236180,5,-0.1872303440,5,0,false,true,-0.000000000000,7,VALID,
fxstrength_20260820T045238Z_0bdab6ae_9b9025dc,m1.6c2_fx_strength_snapshot_v1,2026-08-20T05:06:14Z,2026-08-19T00:00:00Z,2026-08-19T00:00:00Z,2026-08-18T00:00:00Z,AUD/USD|EUR/USD|GBP/USD|NZD/USD|USD/CAD|USD/CHF|USD/JPY,true,true,CHF,1.8660528551,1,1.2346893350,1,0,true,false,-0.000000000000,7,VALID,
fxstrength_20260820T045238Z_0bdab6ae_9b9025dc,m1.6c2_fx_strength_snapshot_v1,2026-08-20T05:06:14Z,2026-08-19T00:00:00Z,2026-08-19T00:00:00Z,2026-08-18T00:00:00Z,AUD/USD|EUR/USD|GBP/USD|NZD/USD|USD/CAD|USD/CHF|USD/JPY,true,true,EUR,0.8732907773,4,0.0720217442,4,0,true,false,-0.000000000000,7,VALID,
fxstrength_20260820T045238Z_0bdab6ae_9b9025dc,m1.6c2_fx_strength_snapshot_v1,2026-08-20T05:06:14Z,2026-08-19T00:00:00Z,2026-08-19T00:00:00Z,2026-08-18T00:00:00Z,AUD/USD|EUR/USD|GBP/USD|NZD/USD|USD/CAD|USD/CHF|USD/JPY,true,true,GBP,0.5520085129,7,-0.2932232882,7,0,false,true,-0.000000000000,7,VALID,
fxstrength_20260820T045238Z_0bdab6ae_9b9025dc,m1.6c2_fx_strength_snapshot_v1,2026-08-20T05:06:14Z,2026-08-19T00:00:00Z,2026-08-19T00:00:00Z,2026-08-18T00:00:00Z,AUD/USD|EUR/USD|GBP/USD|NZD/USD|USD/CAD|USD/CHF|USD/JPY,true,true,JPY,0.9186885029,3,0.1330030031,3,0,true,false,-0.000000000000,7,VALID,
fxstrength_20260820T045238Z_0bdab6ae_9b9025dc,m1.6c2_fx_strength_snapshot_v1,2026-08-20T05:06:14Z,2026-08-19T00:00:00Z,2026-08-19T00:00:00Z,2026-08-18T00:00:00Z,AUD/USD|EUR/USD|GBP/USD|NZD/USD|USD/CAD|USD/CHF|USD/JPY,true,true,NZD,1.0349288486,2,0.2549938456,2,0,true,false,-0.000000000000,7,VALID,
fxstrength_20260820T045238Z_0bdab6ae_9b9025dc,m1.6c2_fx_strength_snapshot_v1,2026-08-20T05:06:14Z,2026-08-19T00:00:00Z,2026-08-19T00:00:00Z,2026-08-18T00:00:00Z,AUD/USD|EUR/USD|GBP/USD|NZD/USD|USD/CAD|USD/CHF|USD/JPY,true,true,USD,-0.9198000030,8,-0.9266730876,8,0,true,false,-0.000000000000,7,VALID,
fxstrength_20260820T090528Z_fcb08442_1e6c5c53,m1.6c2_fx_strength_snapshot_v1,2026-08-20T09:06:20Z,2026-08-19T00:00:00Z,2026-08-19T00:00:00Z,2026-08-18T00:00:00Z,AUD/USD|EUR/USD|GBP/USD|NZD/USD|USD/CAD|USD/CHF|USD/JPY,true,true,AUD,0.5546069065,6,-0.2875812081,6,0,false,true,-0.000000000000,7,VALID,
fxstrength_20260820T090528Z_fcb08442_1e6c5c53,m1.6c2_fx_strength_snapshot_v1,2026-08-20T09:06:20Z,2026-08-19T00:00:00Z,2026-08-19T00:00:00Z,2026-08-18T00:00:00Z,AUD/USD|EUR/USD|GBP/USD|NZD/USD|USD/CAD|USD/CHF|USD/JPY,true,true,CAD,0.6390236180,5,-0.1872303440,5,0,false,true,-0.000000000000,7,VALID,
fxstrength_20260820T090528Z_fcb08442_1e6c5c53,m1.6c2_fx_strength_snapshot_v1,2026-08-20T09:06:20Z,2026-08-19T00:00:00Z,2026-08-19T00:00:00Z,2026-08-18T00:00:00Z,AUD/USD|EUR/USD|GBP/USD|NZD/USD|USD/CAD|USD/CHF|USD/JPY,true,true,CHF,1.8660528551,1,1.2346893350,1,0,true,false,-0.000000000000,7,VALID,
fxstrength_20260820T090528Z_fcb08442_1e6c5c53,m1.6c2_fx_strength_snapshot_v1,2026-08-20T09:06:20Z,2026-08-19T00:00:00Z,2026-08-19T00:00:00Z,2026-08-18T00:00:00Z,AUD/USD|EUR/USD|GBP/USD|NZD/USD|USD/CAD|USD/CHF|USD/JPY,true,true,EUR,0.8732907773,4,0.0720217442,4,0,true,false,-0.000000000000,7,VALID,
fxstrength_20260820T090528Z_fcb08442_1e6c5c53,m1.6c2_fx_strength_snapshot_v1,2026-08-20T09:06:20Z,2026-08-19T00:00:00Z,2026-08-19T00:00:00Z,2026-08-18T00:00:00Z,AUD/USD|EUR/USD|GBP/USD|NZD/USD|USD/CAD|USD/CHF|USD/JPY,true,true,GBP,0.5520085129,7,-0.2932232882,7,0,false,true,-0.000000000000,7,VALID,
fxstrength_20260820T090528Z_fcb08442_1e6c5c53,m1.6c2_fx_strength_snapshot_v1,2026-08-20T09:06:20Z,2026-08-19T00:00:00Z,2026-08-19T00:00:00Z,2026-08-18T00:00:00Z,AUD/USD|EUR/USD|GBP/USD|NZD/USD|USD/CAD|USD/CHF|USD/JPY,true,true,JPY,0.9186885029,3,0.1330030031,3,0,true,false,-0.000000000000,7,VALID,
fxstrength_20260820T090528Z_fcb08442_1e6c5c53,m1.6c2_fx_strength_snapshot_v1,2026-08-20T09:06:20Z,2026-08-19T00:00:00Z,2026-08-19T00:00:00Z,2026-08-18T00:00:00Z,AUD/USD|EUR/USD|GBP/USD|NZD/USD|USD/CAD|USD/CHF|USD/JPY,true,true,NZD,1.0349288486,2,0.2549938456,2,0,true,false,-0.000000000000,7,VALID,
fxstrength_20260820T090528Z_fcb08442_1e6c5c53,m1.6c2_fx_strength_snapshot_v1,2026-08-20T09:06:20Z,2026-08-19T00:00:00Z,2026-08-19T00:00:00Z,2026-08-18T00:00:00Z,AUD/USD|EUR/USD|GBP/USD|NZD/USD|USD/CAD|USD/CHF|USD/JPY,true,true,USD,-0.9198000030,8,-0.9266730876,8,0,true,false,-0.000000000000,7,VALID,
fxstrength_20260820T090528Z_fcb08442_d7098fb9,m1.6c2_fx_strength_snapshot_v1,2026-08-27T15:33:49Z,2026-08-19T00:00:00Z,2026-08-19T00:00:00Z,2026-08-18T00:00:00Z,AUD/USD|EUR/USD|GBP/USD|NZD/USD|USD/CAD|USD/CHF|USD/JPY,true,true,AUD,0.5546069065,6,-0.2875812081,6,0,false,true,-0.000000000000,7,VALID,
fxstrength_20260820T090528Z_fcb08442_d7098fb9,m1.6c2_fx_strength_snapshot_v1,2026-08-27T15:33:49Z,2026-08-19T00:00:00Z,2026-08-19T00:00:00Z,2026-08-18T00:00:00Z,AUD/USD|EUR/USD|GBP/USD|NZD/USD|USD/CAD|USD/CHF|USD/JPY,true,true,CAD,0.6390236180,5,-0.1872303440,5,0,false,true,-0.000000000000,7,VALID,
fxstrength_20260820T090528Z_fcb08442_d7098fb9,m1.6c2_fx_strength_snapshot_v1,2026-08-27T15:33:49Z,2026-08-19T00:00:00Z,2026-08-19T00:00:00Z,2026-08-18T00:00:00Z,AUD/USD|EUR/USD|GBP/USD|NZD/USD|USD/CAD|USD/CHF|USD/JPY,true,true,CHF,1.8660528551,1,1.2346893350,1,0,true,false,-0.000000000000,7,VALID,
fxstrength_20260820T090528Z_fcb08442_d7098fb9,m1.6c2_fx_strength_snapshot_v1,2026-08-27T15:33:49Z,2026-08-19T00:00:00Z,2026-08-19T00:00:00Z,2026-08-18T00:00:00Z,AUD/USD|EUR/USD|GBP/USD|NZD/USD|USD/CAD|USD/CHF|USD/JPY,true,true,EUR,0.8732907773,4,0.0720217442,4,0,true,false,-0.000000000000,7,VALID,
fxstrength_20260820T090528Z_fcb08442_d7098fb9,m1.6c2_fx_strength_snapshot_v1,2026-08-27T15:33:49Z,2026-08-19T00:00:00Z,2026-08-19T00:00:00Z,2026-08-18T00:00:00Z,AUD/USD|EUR/USD|GBP/USD|NZD/USD|USD/CAD|USD/CHF|USD/JPY,true,true,GBP,0.5520085129,7,-0.2932232882,7,0,false,true,-0.000000000000,7,VALID,
fxstrength_20260820T090528Z_fcb08442_d7098fb9,m1.6c2_fx_strength_snapshot_v1,2026-08-27T15:33:49Z,2026-08-19T00:00:00Z,2026-08-19T00:00:00Z,2026-08-18T00:00:00Z,AUD/USD|EUR/USD|GBP/USD|NZD/USD|USD/CAD|USD/CHF|USD/JPY,true,true,JPY,0.9186885029,3,0.1330030031,3,0,true,false,-0.000000000000,7,VALID,
fxstrength_20260820T090528Z_fcb08442_d7098fb9,m1.6c2_fx_strength_snapshot_v1,2026-08-27T15:33:49Z,2026-08-19T00:00:00Z,2026-08-19T00:00:00Z,2026-08-18T00:00:00Z,AUD/USD|EUR/USD|GBP/USD|NZD/USD|USD/CAD|USD/CHF|USD/JPY,true,true,NZD,1.0349288486,2,0.2549938456,2,0,true,false,-0.000000000000,7,VALID,
fxstrength_20260820T090528Z_fcb08442_d7098fb9,m1.6c2_fx_strength_snapshot_v1,2026-08-27T15:33:49Z,2026-08-19T00:00:00Z,2026-08-19T00:00:00Z,2026-08-18T00:00:00Z,AUD/USD|EUR/USD|GBP/USD|NZD/USD|USD/CAD|USD/CHF|USD/JPY,true,true,USD,-0.9198000030,8,-0.9266730876,8,0,true,false,-0.000000000000,7,VALID,
