"created_at_utc","event_time_utc","currency","pair","category","severity","status","summary","source_url","verified_by","evidence_type","verification_status","source_tier"
"2026-08-26T15:29:00Z","2026-08-27T12:30:00Z","USD","","EMPLOYMENT","MEDIUM","PENDING","US initial jobless claims; forecast 208K, previous 206K.","https://www.forexfactory.com/calendar/11-us-unemployment-claims","User","EVENT_RISK","UNVERIFIED","CALENDAR"
"2026-08-26T15:29:00Z","2026-08-27T16:15:00Z","ALL","","CENTRAL_BANK","MEDIUM","PENDING","Jackson Hole Economic Policy Symposium begins; monitor policy communication.","https://www.forexfactory.com/calendar/474-jackson-hole-symposium","User","EVENT_RISK","UNVERIFIED","CALENDAR"
"2026-08-26T15:29:00Z","2026-08-27T23:30:00Z","JPY","","INFLATION","MEDIUM","PENDING","Tokyo Core CPI y/y; forecast 1.8%, previous 1.9%.","https://www.forexfactory.com/calendar/175-jn-tokyo-core-cpi-yy","User","EVENT_RISK","UNVERIFIED","CALENDAR"
"2026-08-26T15:29:00Z","2026-08-28T12:30:00Z","CAD","","GDP","HIGH","PENDING","Canada monthly GDP; forecast 0.2%, previous 0.3%.","https://www.forexfactory.com/calendar/29-ca-gdp-mm","User","EVENT_RISK","UNVERIFIED","CALENDAR"
"2026-08-26T15:29:00Z","2026-08-28T14:00:00Z","USD","","CENTRAL_BANK","HIGH","PENDING","Fed Chair Kevin Warsh speaks at Jackson Hole.","https://www.forexfactory.com/calendar/129-us-fed-chairman-warsh-speaks","User","EVENT_RISK","UNVERIFIED","CALENDAR"
"2026-08-26T15:29:00Z","2026-08-28T14:00:00Z","USD","","EMPLOYMENT","HIGH","PENDING","US preliminary benchmark payrolls revision; previous -911K.","https://www.forexfactory.com/calendar/925-us-prelim-benchmark-payrolls-revision","User","EVENT_RISK","UNVERIFIED","CALENDAR"
"2026-08-26T15:29:00Z","2026-08-28T14:00:00Z","USD","","NOTE","MEDIUM","PENDING","Revised UoM consumer sentiment; forecast 51.0, previous 51.0. Inflation expectations also scheduled.","https://www.forexfactory.com/calendar/54-us-revised-uom-consumer-sentiment","User","EVENT_RISK","UNVERIFIED","CALENDAR"
"2026-08-26T15:29:00Z","2026-08-28T16:15:00Z","ALL","","CENTRAL_BANK","HIGH","PENDING","Jackson Hole Symposium continues; policy headlines may affect broad FX volatility.","https://www.forexfactory.com/calendar/474-jackson-hole-symposium","User","EVENT_RISK","UNVERIFIED","CALENDAR"
"2026-08-26T15:45:00Z","2026-08-26T14:00:00Z","ALL","","GEOPOLITICAL","HIGH","PENDING","Reports and political statements concerning Strait of Hormuz shipping and Iran/Oman negotiations. Treat as unverified context; confirm through primary or multiple reputable sources.","https://www.forexfactory.com/news/1415117-trump-reiterates-us-blockade-in-hormuz-is-working","User","OBSERVATION","UNVERIFIED","SECONDARY"
"2026-08-26T15:45:00Z","2026-08-26T14:00:00Z","USD","","INFLATION","HIGH","ACTIVE","US PCE coverage indicates headline inflation above consensus while core PCE was reported in line. Verify values using BEA release before relying on the interpretation.","https://www.bea.gov/news/2026/personal-income-and-outlays-july-2026","User","OBSERVATION","PENDING","USER_SUPPLIED"
"2026-08-26T15:45:00Z","2026-08-26T14:00:00Z","USD","","GDP","MEDIUM","ACTIVE","US Q2 GDP second estimate reported at 1.5% in the supplied news feed. Verify details against BEA release.","https://www.bea.gov/news/2026/gross-domestic-product-2nd-quarter-2026-second-estimate-and-corporate-profits-preliminary","User","OBSERVATION","PENDING","USER_SUPPLIED"
"2026-08-26T15:45:00Z","2026-08-26T14:00:00Z","EUR","","CENTRAL_BANK","MEDIUM","PENDING","ECB commentary in the supplied feed said inflation may remain above 2% for an extended period. Treat as commentary pending review of the original ECB communication.","https://www.ecb.europa.eu/press/key/date/2026/html/ecb.sp260826~3641116314.en.html","User","OBSERVATION","PENDING","USER_SUPPLIED"
"2026-08-26T17:43:00Z","2026-08-26T17:43:00Z","ALL","","GEOPOLITICAL","HIGH","PENDING","Reuters headline: Iran and Oman are still working on details of a Strait of Hormuz accord, according to a senior Iranian source. Treat as developing and verify through the full Reuters report or independent primary sources.","","User","OBSERVATION","PENDING","SECONDARY"
"2026-08-26T17:16:00Z","2026-08-26T17:16:00Z","AUD","","CENTRAL_BANK","HIGH","PENDING","FXStreet cited TD Securities: August RBA minutes were less hawkish than June but still emphasized upside inflation risks and the possibility of pre-emptive tightening. Analyst interpretation; verify against the official RBA minutes.","https://www.fxstreet.com/news/reserve-bank-of-australia-preemptive-hike-debate-intensifies-td-securities-202608261616","User","OBSERVATION","PENDING","SECONDARY"
"2026-08-26T15:05:00Z","2026-08-26T15:05:00Z","AUD","","INFLATION","HIGH","PENDING","FXStreet reported that higher-than-expected July Australian CPI lifted expectations for additional RBA tightening. Verify CPI details and figures against the Australian Bureau of Statistics release.","https://www.fxstreet.com/news/neither-a-confirmed-hike-nor-a-guaranteed-pause-why-the-australian-dollar-is-climbing-toward-07200-202608261405","User","OBSERVATION","PENDING","SECONDARY"
