signal_id,horizon,signal_time,pair,timeframe,signal,score_diff,entry_price,target_time_utc,exit_price,return_pct,result,status,source,evaluated_at_utc,abs_score_diff,score_diff_bucket
bcda6b8851c61a12,1H,2026-08-07T12:00:00+00:00,EUR/USD,H1,LONG,0.0077755004982331,1.1572,2026-08-07T13:00:00+00:00,1.1572,0.0,FLAT,COMPLETED,api,2026-08-13T16:35:45.548652+00:00,0.0077755004982331,>=0.0020
d1a9f0e8c5845e4c,1H,2026-08-07T12:00:00+00:00,GBP/USD,H1,LONG,0.0081303003134521,1.34991,2026-08-07T13:00:00+00:00,1.34991,0.0,FLAT,COMPLETED,api,2026-08-13T16:35:45.548665+00:00,0.0081303003134521,>=0.0020
0d0710e300bf7226,1H,2026-08-07T12:00:00+00:00,NZD/USD,H1,LONG,0.009035044733202,0.58981,2026-08-07T13:00:00+00:00,0.58981,0.0,FLAT,COMPLETED,api,2026-08-13T16:35:45.548671+00:00,0.009035044733202,>=0.0020
065ab07b01080dae,1H,2026-08-07T12:00:00+00:00,USD/CHF,H1,SHORT,-0.0082794957565699,0.80722,2026-08-07T13:00:00+00:00,0.80722,-0.0,FLAT,COMPLETED,api,2026-08-13T16:35:45.548675+00:00,0.0082794957565699,>=0.0020
2e40af154195275a,1H,2026-08-07T12:00:00+00:00,USD/JPY,H1,SHORT,-0.0104576478909901,157.37301,2026-08-07T13:00:00+00:00,157.37301,-0.0,FLAT,COMPLETED,api,2026-08-13T16:35:45.548678+00:00,0.0104576478909901,>=0.0020
09ff25b0dd12b7eb,1H,2026-08-07T16:00:00+00:00,USD/JPY,H1,SHORT,-0.000643119219928,157.46425,2026-08-07T17:00:00+00:00,157.46425,-0.0,FLAT,COMPLETED,api,2026-08-13T16:35:45.548682+00:00,0.000643119219928,0.0005-0.0010
5c3e4eabab77a99c,1H,2026-08-07T18:00:00+00:00,USD/CHF,H1,SHORT,-0.0005145133309122,0.80741,2026-08-07T19:00:00+00:00,0.80741,-0.0,FLAT,COMPLETED,api,2026-08-13T16:35:45.548685+00:00,0.0005145133309122,0.0005-0.0010
b86fd60ecfad8847,1H,2026-08-10T09:00:00+00:00,EUR/USD,H1,SHORT,-0.0008313393135853,1.1558,2026-08-10T10:00:00+00:00,1.1558,-0.0,FLAT,COMPLETED,api,2026-08-13T16:35:45.548691+00:00,0.0008313393135853,0.0005-0.0010
7424cf32b4502606,1H,2026-08-10T09:00:00+00:00,GBP/USD,H1,SHORT,-0.0009741622980356,1.34963,2026-08-10T10:00:00+00:00,1.34963,-0.0,FLAT,COMPLETED,api,2026-08-13T16:35:45.548694+00:00,0.0009741622980356,0.0005-0.0010
4b69b287cc8a42cb,1H,2026-08-10T09:00:00+00:00,NZD/USD,H1,SHORT,-0.0007906856649998,0.58939,2026-08-10T10:00:00+00:00,0.58939,-0.0,FLAT,COMPLETED,api,2026-08-13T16:35:45.548698+00:00,0.0007906856649998,0.0005-0.0010
0f78b4d6ad5a66cf,1H,2026-08-10T09:00:00+00:00,USD/CHF,H1,LONG,0.0006957301895896,0.80834,2026-08-10T10:00:00+00:00,0.80834,0.0,FLAT,COMPLETED,api,2026-08-13T16:35:45.548701+00:00,0.0006957301895896,0.0005-0.0010
c444eb17dac9d274,1H,2026-08-10T09:00:00+00:00,USD/JPY,H1,LONG,0.0015618666054679,158.85347,2026-08-10T10:00:00+00:00,158.85347,0.0,FLAT,COMPLETED,api,2026-08-13T16:35:45.548704+00:00,0.0015618666054679,0.0010-0.0020
59c168d695cb8598,1H,2026-08-11T17:00:00+00:00,EUR/USD,H4,SHORT,-0.0005445320357481,1.15395,2026-08-11T18:00:00+00:00,1.15377,0.015599,WIN,COMPLETED,api,2026-08-13T16:35:45.548717+00:00,0.0005445320357481,0.0005-0.0010
80509b315e1b3373,1H,2026-08-11T17:00:00+00:00,NZD/USD,H1,LONG,0.0005003372512815,0.58826,2026-08-11T18:00:00+00:00,0.58808,-0.030599,LOSS,COMPLETED,api,2026-08-13T16:35:45.548707+00:00,0.0005003372512815,0.0005-0.0010
45d114e7449df248,1H,2026-08-11T17:00:00+00:00,USD/CHF,H4,LONG,0.0010245547200408,0.81128,2026-08-11T18:00:00+00:00,0.81184,0.069027,WIN,COMPLETED,api,2026-08-13T16:35:45.548723+00:00,0.0010245547200408,0.0010-0.0020
dd6dbe51d69dfa90,1H,2026-08-12T00:00:00+00:00,USD/CHF,D1,LONG,0.0009954739260153,0.81096,2026-08-12T01:00:00+00:00,0.81149,0.065355,WIN,COMPLETED,api,2026-08-13T16:35:45.548857+00:00,0.0009954739260153,0.0005-0.0010
73086ee4a49c850a,1H,2026-08-12T01:00:00+00:00,NZD/USD,H4,SHORT,-0.0009333713386218,0.5877,2026-08-12T02:00:00+00:00,0.58722,0.081674,WIN,COMPLETED,api,2026-08-13T16:35:45.548764+00:00,0.0009333713386218,0.0005-0.0010
80851314e7d58bcb,1H,2026-08-12T01:00:00+00:00,USD/CHF,H4,LONG,0.0009747353223841,0.81149,2026-08-12T02:00:00+00:00,0.81157,0.009858,WIN,COMPLETED,api,2026-08-13T16:35:45.548772+00:00,0.0009747353223841,0.0005-0.0010
05dc36e78d2d6b1a,1H,2026-08-12T01:00:00+00:00,USD/JPY,H4,LONG,0.0005473620850981,159.33874,2026-08-12T02:00:00+00:00,159.3332,-0.003477,LOSS,COMPLETED,api,2026-08-13T16:35:45.548782+00:00,0.0005473620850981,0.0005-0.0010
f64b61e50868517c,1H,2026-08-12T04:00:00+00:00,EUR/USD,H1,SHORT,-0.0004591199990593,1.15356,2026-08-12T05:00:00+00:00,1.15365,-0.007802,LOSS,COMPLETED,api,2026-08-13T16:35:45.548729+00:00,0.0004591199990593,<0.0005
2ebaa5250b6528ad,1H,2026-08-12T04:00:00+00:00,NZD/USD,H1,SHORT,-0.0006262424411018,0.58671,2026-08-12T05:00:00+00:00,0.58683,-0.020453,LOSS,COMPLETED,api,2026-08-13T16:35:45.548738+00:00,0.0006262424411018,0.0005-0.0010
61129cba209ed8b2,1H,2026-08-12T04:00:00+00:00,USD/CHF,H1,LONG,0.0008104745279327,0.8122,2026-08-12T05:00:00+00:00,0.81217,-0.003694,LOSS,COMPLETED,api,2026-08-13T16:35:45.548746+00:00,0.0008104745279327,0.0005-0.0010
469c061b91bb7d11,1H,2026-08-12T04:00:00+00:00,USD/JPY,H1,LONG,0.0004535090637319,159.43152,2026-08-12T05:00:00+00:00,159.41851,-0.00816,LOSS,COMPLETED,api,2026-08-13T16:35:45.548755+00:00,0.0004535090637319,<0.0005
bf6c5ece19994180,1H,2026-08-12T13:00:00+00:00,EUR/USD,H4,LONG,0.004328163768722,1.15573,2026-08-12T14:00:00+00:00,1.15529,-0.038071,LOSS,COMPLETED,api,2026-08-13T16:35:45.548790+00:00,0.004328163768722,>=0.0020
c39fe5b131f9af3c,1H,2026-08-12T13:00:00+00:00,GBP/USD,H4,LONG,0.004411700401295,1.35348,2026-08-12T14:00:00+00:00,1.35263,-0.062801,LOSS,COMPLETED,api,2026-08-13T16:35:45.548798+00:00,0.004411700401295,>=0.0020
752c5af368d14d63,1H,2026-08-12T13:00:00+00:00,NZD/USD,H4,LONG,0.0055883124119751,0.58792,2026-08-12T14:00:00+00:00,0.58767,-0.042523,LOSS,COMPLETED,api,2026-08-13T16:35:45.548806+00:00,0.0055883124119751,>=0.0020
7ffd01314d8b2133,1H,2026-08-12T13:00:00+00:00,USD/CHF,H4,SHORT,-0.0058660950696499,0.81006,2026-08-12T14:00:00+00:00,0.81115,-0.134558,LOSS,COMPLETED,api,2026-08-13T16:35:45.548814+00:00,0.0058660950696499,>=0.0020
2e1a40c73379c88f,1H,2026-08-12T13:00:00+00:00,USD/JPY,H4,SHORT,-0.0054918039310451,158.88032,2026-08-12T14:00:00+00:00,159.00294,-0.077178,LOSS,COMPLETED,api,2026-08-13T16:35:45.548822+00:00,0.0054918039310451,>=0.0020
22b54039a92360fc,1H,2026-08-12T18:00:00+00:00,EUR/USD,H1,SHORT,-0.001114553484982,1.15223,2026-08-12T19:00:00+00:00,1.152,0.019961,WIN,COMPLETED,api,2026-08-13T16:35:45.548830+00:00,0.001114553484982,0.0010-0.0020
b6841d74dae6d191,1H,2026-08-12T18:00:00+00:00,GBP/USD,H1,SHORT,-0.0008396883146174,1.34937,2026-08-12T19:00:00+00:00,1.34885,0.038537,WIN,COMPLETED,api,2026-08-13T16:35:45.548835+00:00,0.0008396883146174,0.0005-0.0010
cca7e42e32450179,1H,2026-08-12T18:00:00+00:00,NZD/USD,H1,SHORT,-0.0008068518659817,0.58555,2026-08-12T19:00:00+00:00,0.58559,-0.006831,LOSS,COMPLETED,api,2026-08-13T16:35:45.548841+00:00,0.0008068518659817,0.0005-0.0010
fecac1226b03400f,1H,2026-08-12T18:00:00+00:00,USD/CHF,H1,LONG,0.0015226490476962,0.81363,2026-08-12T19:00:00+00:00,0.81383,0.024581,WIN,COMPLETED,api,2026-08-13T16:35:45.548846+00:00,0.0015226490476962,0.0010-0.0020
730cba1124f88612,1H,2026-08-12T18:00:00+00:00,USD/JPY,H1,LONG,0.0012237378724408,159.50047,2026-08-12T19:00:00+00:00,159.50112,0.000408,WIN,COMPLETED,api,2026-08-13T16:35:45.548852+00:00,0.0012237378724408,0.0010-0.0020
6b81aaf3fcca8d24,1H,2026-08-13T00:00:00+00:00,EUR/USD,D1,SHORT,-0.0036533795232641,1.15247,2026-08-13T01:00:00+00:00,1.15287,-0.034708,LOSS,COMPLETED,api,2026-08-13T16:35:45.548944+00:00,0.0036533795232641,>=0.0020
1b8dae97f7af6d07,1H,2026-08-13T00:00:00+00:00,GBP/USD,D1,SHORT,-0.0029946272377902,1.34956,2026-08-13T01:00:00+00:00,1.34972,-0.011856,LOSS,COMPLETED,api,2026-08-13T16:35:45.548949+00:00,0.0029946272377902,>=0.0020
74b7c3cc9ed4d9c9,1H,2026-08-13T00:00:00+00:00,NZD/USD,D1,SHORT,-0.0058517776914267,0.58584,2026-08-13T01:00:00+00:00,0.58594,-0.01707,LOSS,COMPLETED,api,2026-08-13T16:35:45.548954+00:00,0.0058517776914267,>=0.0020
528f17052e42d90f,1H,2026-08-13T00:00:00+00:00,USD/CHF,D1,LONG,0.0053813779680653,0.81364,2026-08-13T01:00:00+00:00,0.81298,-0.081117,LOSS,COMPLETED,api,2026-08-13T16:35:45.548973+00:00,0.0053813779680653,>=0.0020
3ba0874c8cc8e696,1H,2026-08-13T00:00:00+00:00,USD/JPY,D1,LONG,0.0028853646212598,159.43154,2026-08-13T01:00:00+00:00,159.34366,-0.055121,LOSS,COMPLETED,api,2026-08-13T16:35:45.548979+00:00,0.0028853646212598,>=0.0020
8afe66eebb227594,1H,2026-08-13T08:00:00+00:00,EUR/USD,H1,LONG,0.0015330972145917,1.15272,2026-08-13T09:00:00+00:00,1.15256,-0.01388,LOSS,COMPLETED,api,2026-08-13T16:35:45.548865+00:00,0.0015330972145917,0.0010-0.0020
b9cda4ae9480aa57,1H,2026-08-13T08:00:00+00:00,GBP/USD,H1,LONG,0.000871254723277,1.34841,2026-08-13T09:00:00+00:00,1.34805,-0.026698,LOSS,COMPLETED,api,2026-08-13T16:35:45.548870+00:00,0.000871254723277,0.0005-0.0010
e0c7cd788f4f842d,1H,2026-08-13T08:00:00+00:00,NZD/USD,H1,LONG,0.0015308959247667,0.58353,2026-08-13T09:00:00+00:00,0.58342,-0.018851,LOSS,COMPLETED,api,2026-08-13T16:35:45.548875+00:00,0.0015308959247667,0.0010-0.0020
674edbd34b58a86b,1H,2026-08-13T08:00:00+00:00,USD/CHF,H1,SHORT,-0.0018846868483959,0.81297,2026-08-13T09:00:00+00:00,0.81289,0.00984,WIN,COMPLETED,api,2026-08-13T16:35:45.548881+00:00,0.0018846868483959,0.0010-0.0020
20f6781b6631905f,1H,2026-08-13T08:00:00+00:00,USD/JPY,H1,SHORT,-0.000741468706648,159.37068,2026-08-13T09:00:00+00:00,159.40775,-0.02326,LOSS,COMPLETED,api,2026-08-13T16:35:45.548886+00:00,0.000741468706648,0.0005-0.0010
a5a03e458aa390a9,1H,2026-08-13T09:00:00+00:00,GBP/USD,H4,SHORT,-0.0012794453651397,1.34805,2026-08-13T10:00:00+00:00,1.34907,-0.075665,LOSS,COMPLETED,api,2026-08-13T16:35:45.548892+00:00,0.0012794453651397,0.0010-0.0020
07fe3d993285437e,1H,2026-08-13T09:00:00+00:00,USD/CHF,H4,SHORT,-0.0009821966674403,0.81289,2026-08-13T10:00:00+00:00,0.81219,0.086113,WIN,COMPLETED,api,2026-08-13T16:35:45.548897+00:00,0.0009821966674403,0.0005-0.0010
8fd2dfd004d45694,1H,2026-08-13T09:00:00+00:00,USD/JPY,H4,LONG,0.001355405630183,159.40775,2026-08-13T10:00:00+00:00,159.33803,-0.043737,LOSS,COMPLETED,api,2026-08-13T16:35:45.548906+00:00,0.001355405630183,0.0010-0.0020
872c4d2332eedfc0,1H,2026-08-13T10:00:00+00:00,EUR/USD,H1,LONG,0.0016804474425712,1.15343,2026-08-13T11:00:00+00:00,1.15367,0.020808,WIN,COMPLETED,api,2026-08-13T16:35:45.548911+00:00,0.0016804474425712,0.0010-0.0020
83b41cddf6aa39d0,1H,2026-08-13T10:00:00+00:00,GBP/USD,H1,LONG,0.0016920661792017,1.34907,2026-08-13T11:00:00+00:00,1.34904,-0.002224,LOSS,COMPLETED,api,2026-08-13T16:35:45.548917+00:00,0.0016920661792017,0.0010-0.0020
89671403ece487f9,1H,2026-08-13T10:00:00+00:00,NZD/USD,H1,LONG,0.0025706813139545,0.58438,2026-08-13T11:00:00+00:00,0.58441,0.005134,WIN,COMPLETED,api,2026-08-13T16:35:45.548922+00:00,0.0025706813139545,>=0.0020
1f034ce2e4723cba,1H,2026-08-13T10:00:00+00:00,USD/CHF,H1,SHORT,-0.0016659526453765,0.81219,2026-08-13T11:00:00+00:00,0.81199,0.024625,WIN,COMPLETED,api,2026-08-13T16:35:45.548927+00:00,0.0016659526453765,0.0010-0.0020
f7ba2d73abe05a93,1H,2026-08-13T10:00:00+00:00,USD/JPY,H1,SHORT,-0.0012995853390385,159.33803,2026-08-13T11:00:00+00:00,159.35522,-0.010788,LOSS,COMPLETED,api,2026-08-13T16:35:45.548933+00:00,0.0012995853390385,0.0010-0.0020
7db4cbe95fad0f4c,1H,2026-08-13T12:00:00+00:00,USD/CHF,H1,LONG,0.0009100506565165,0.81259,2026-08-13T13:00:00+00:00,0.81167,-0.113218,LOSS,COMPLETED,api,2026-08-13T16:35:45.548938+00:00,0.0009100506565165,0.0005-0.0010
bcda6b8851c61a12,24H,2026-08-07T12:00:00+00:00,EUR/USD,H1,LONG,0.0077755004982331,1.1572,2026-08-08T12:00:00+00:00,1.15591,-0.111476,LOSS,COMPLETED,legacy_journal,2026-08-13T16:35:43.897988+00:00,0.0077755004982331,>=0.0020
d1a9f0e8c5845e4c,24H,2026-08-07T12:00:00+00:00,GBP/USD,H1,LONG,0.0081303003134521,1.34991,2026-08-08T12:00:00+00:00,1.3492,-0.052596,LOSS,COMPLETED,legacy_journal,2026-08-13T16:35:43.899190+00:00,0.0081303003134521,>=0.0020
0d0710e300bf7226,24H,2026-08-07T12:00:00+00:00,NZD/USD,H1,LONG,0.009035044733202,0.58981,2026-08-08T12:00:00+00:00,0.58945,-0.061037,LOSS,COMPLETED,legacy_journal,2026-08-13T16:35:43.900509+00:00,0.009035044733202,>=0.0020
065ab07b01080dae,24H,2026-08-07T12:00:00+00:00,USD/CHF,H1,SHORT,-0.0082794957565699,0.80722,2026-08-08T12:00:00+00:00,0.80786,-0.079284,LOSS,COMPLETED,legacy_journal,2026-08-13T16:35:43.902794+00:00,0.0082794957565699,>=0.0020
2e40af154195275a,24H,2026-08-07T12:00:00+00:00,USD/JPY,H1,SHORT,-0.0104576478909901,157.37301,2026-08-08T12:00:00+00:00,157.82584,-0.287743,LOSS,COMPLETED,legacy_journal,2026-08-13T16:35:43.904316+00:00,0.0104576478909901,>=0.0020
09ff25b0dd12b7eb,24H,2026-08-07T16:00:00+00:00,USD/JPY,H1,SHORT,-0.000643119219928,157.46425,2026-08-08T16:00:00+00:00,157.82302,-0.227842,LOSS,COMPLETED,legacy_journal,2026-08-13T16:35:43.906270+00:00,0.000643119219928,0.0005-0.0010
5c3e4eabab77a99c,24H,2026-08-07T18:00:00+00:00,USD/CHF,H1,SHORT,-0.0005145133309122,0.80741,2026-08-08T18:00:00+00:00,0.80777,-0.044587,LOSS,COMPLETED,legacy_journal,2026-08-13T16:35:43.908048+00:00,0.0005145133309122,0.0005-0.0010
b86fd60ecfad8847,24H,2026-08-10T09:00:00+00:00,EUR/USD,H1,SHORT,-0.0008313393135853,1.1558,2026-08-11T09:00:00+00:00,1.15365,0.186018,WIN,COMPLETED,legacy_journal,2026-08-13T16:35:43.909451+00:00,0.0008313393135853,0.0005-0.0010
7424cf32b4502606,24H,2026-08-10T09:00:00+00:00,GBP/USD,H1,SHORT,-0.0009741622980356,1.34963,2026-08-11T09:00:00+00:00,1.35043,-0.059276,LOSS,COMPLETED,legacy_journal,2026-08-13T16:35:43.910706+00:00,0.0009741622980356,0.0005-0.0010
4b69b287cc8a42cb,24H,2026-08-10T09:00:00+00:00,NZD/USD,H1,SHORT,-0.0007906856649998,0.58939,2026-08-11T09:00:00+00:00,0.58717,0.376661,WIN,COMPLETED,legacy_journal,2026-08-13T16:35:43.911904+00:00,0.0007906856649998,0.0005-0.0010
0f78b4d6ad5a66cf,24H,2026-08-10T09:00:00+00:00,USD/CHF,H1,LONG,0.0006957301895896,0.80834,2026-08-11T09:00:00+00:00,0.81115,0.347626,WIN,COMPLETED,legacy_journal,2026-08-13T16:35:43.913065+00:00,0.0006957301895896,0.0005-0.0010
c444eb17dac9d274,24H,2026-08-10T09:00:00+00:00,USD/JPY,H1,LONG,0.0015618666054679,158.85347,2026-08-11T09:00:00+00:00,159.35821,0.317739,WIN,COMPLETED,legacy_journal,2026-08-13T16:35:43.914195+00:00,0.0015618666054679,0.0010-0.0020
59c168d695cb8598,24H,2026-08-11T17:00:00+00:00,EUR/USD,H4,SHORT,-0.0005445320357481,1.15395,2026-08-12T17:00:00+00:00,1.1529,0.090992,WIN,COMPLETED,api,2026-08-13T16:35:45.548719+00:00,0.0005445320357481,0.0005-0.0010
80509b315e1b3373,24H,2026-08-11T17:00:00+00:00,NZD/USD,H1,LONG,0.0005003372512815,0.58826,2026-08-12T17:00:00+00:00,0.58572,-0.431782,LOSS,COMPLETED,api,2026-08-13T16:35:45.548713+00:00,0.0005003372512815,0.0005-0.0010
45d114e7449df248,24H,2026-08-11T17:00:00+00:00,USD/CHF,H4,LONG,0.0010245547200408,0.81128,2026-08-12T17:00:00+00:00,0.8128,0.187358,WIN,COMPLETED,api,2026-08-13T16:35:45.548726+00:00,0.0010245547200408,0.0010-0.0020
dd6dbe51d69dfa90,24H,2026-08-12T00:00:00+00:00,USD/CHF,D1,LONG,0.0009954739260153,0.81096,2026-08-13T00:00:00+00:00,0.81327,0.284848,WIN,COMPLETED,api,2026-08-13T16:35:45.548862+00:00,0.0009954739260153,0.0005-0.0010
73086ee4a49c850a,24H,2026-08-12T01:00:00+00:00,NZD/USD,H4,SHORT,-0.0009333713386218,0.5877,2026-08-13T01:00:00+00:00,0.58594,0.299473,WIN,COMPLETED,api,2026-08-13T16:35:45.548769+00:00,0.0009333713386218,0.0005-0.0010
80851314e7d58bcb,24H,2026-08-12T01:00:00+00:00,USD/CHF,H4,LONG,0.0009747353223841,0.81149,2026-08-13T01:00:00+00:00,0.81298,0.183613,WIN,COMPLETED,api,2026-08-13T16:35:45.548779+00:00,0.0009747353223841,0.0005-0.0010
05dc36e78d2d6b1a,24H,2026-08-12T01:00:00+00:00,USD/JPY,H4,LONG,0.0005473620850981,159.33874,2026-08-13T01:00:00+00:00,159.34366,0.003088,WIN,COMPLETED,api,2026-08-13T16:35:45.548787+00:00,0.0005473620850981,0.0005-0.0010
f64b61e50868517c,24H,2026-08-12T04:00:00+00:00,EUR/USD,H1,SHORT,-0.0004591199990593,1.15356,2026-08-13T04:00:00+00:00,1.15225,0.113561,WIN,COMPLETED,api,2026-08-13T16:35:45.548734+00:00,0.0004591199990593,<0.0005
2ebaa5250b6528ad,24H,2026-08-12T04:00:00+00:00,NZD/USD,H1,SHORT,-0.0006262424411018,0.58671,2026-08-13T04:00:00+00:00,0.58317,0.603365,WIN,COMPLETED,api,2026-08-13T16:35:45.548743+00:00,0.0006262424411018,0.0005-0.0010
61129cba209ed8b2,24H,2026-08-12T04:00:00+00:00,USD/CHF,H1,LONG,0.0008104745279327,0.8122,2026-08-13T04:00:00+00:00,0.8143,0.258557,WIN,COMPLETED,api,2026-08-13T16:35:45.548752+00:00,0.0008104745279327,0.0005-0.0010
469c061b91bb7d11,24H,2026-08-12T04:00:00+00:00,USD/JPY,H1,LONG,0.0004535090637319,159.43152,2026-08-13T04:00:00+00:00,159.44261,0.006956,WIN,COMPLETED,api,2026-08-13T16:35:45.548761+00:00,0.0004535090637319,<0.0005
bf6c5ece19994180,24H,2026-08-12T13:00:00+00:00,EUR/USD,H4,LONG,0.004328163768722,1.15573,2026-08-13T13:00:00+00:00,1.15435,-0.119405,LOSS,COMPLETED,api,2026-08-13T16:35:45.548795+00:00,0.004328163768722,>=0.0020
c39fe5b131f9af3c,24H,2026-08-12T13:00:00+00:00,GBP/USD,H4,LONG,0.004411700401295,1.35348,2026-08-13T13:00:00+00:00,1.35084,-0.195053,LOSS,COMPLETED,api,2026-08-13T16:35:45.548803+00:00,0.004411700401295,>=0.0020
752c5af368d14d63,24H,2026-08-12T13:00:00+00:00,NZD/USD,H4,LONG,0.0055883124119751,0.58792,2026-08-13T13:00:00+00:00,0.58539,-0.430331,LOSS,COMPLETED,api,2026-08-13T16:35:45.548812+00:00,0.0055883124119751,>=0.0020
7ffd01314d8b2133,24H,2026-08-12T13:00:00+00:00,USD/CHF,H4,SHORT,-0.0058660950696499,0.81006,2026-08-13T13:00:00+00:00,0.81167,-0.198751,LOSS,COMPLETED,api,2026-08-13T16:35:45.548820+00:00,0.0058660950696499,>=0.0020
2e1a40c73379c88f,24H,2026-08-12T13:00:00+00:00,USD/JPY,H4,SHORT,-0.0054918039310451,158.88032,2026-08-13T13:00:00+00:00,159.19377,-0.197287,LOSS,COMPLETED,api,2026-08-13T16:35:45.548827+00:00,0.0054918039310451,>=0.0020
bcda6b8851c61a12,4H,2026-08-07T12:00:00+00:00,EUR/USD,H1,LONG,0.0077755004982331,1.1572,2026-08-07T16:00:00+00:00,1.15604,-0.100242,LOSS,COMPLETED,legacy_journal,2026-08-13T16:35:43.897018+00:00,0.0077755004982331,>=0.0020
d1a9f0e8c5845e4c,4H,2026-08-07T12:00:00+00:00,GBP/USD,H1,LONG,0.0081303003134521,1.34991,2026-08-07T16:00:00+00:00,1.34972,-0.014075,LOSS,COMPLETED,legacy_journal,2026-08-13T16:35:43.898908+00:00,0.0081303003134521,>=0.0020
0d0710e300bf7226,4H,2026-08-07T12:00:00+00:00,NZD/USD,H1,LONG,0.009035044733202,0.58981,2026-08-07T16:00:00+00:00,0.58902,-0.133941,LOSS,COMPLETED,legacy_journal,2026-08-13T16:35:43.900049+00:00,0.009035044733202,>=0.0020
065ab07b01080dae,4H,2026-08-07T12:00:00+00:00,USD/CHF,H1,SHORT,-0.0082794957565699,0.80722,2026-08-07T16:00:00+00:00,0.80777,-0.068135,LOSS,COMPLETED,legacy_journal,2026-08-13T16:35:43.902304+00:00,0.0082794957565699,>=0.0020
2e40af154195275a,4H,2026-08-07T12:00:00+00:00,USD/JPY,H1,SHORT,-0.0104576478909901,157.37301,2026-08-07T16:00:00+00:00,157.55635,-0.1165,LOSS,COMPLETED,legacy_journal,2026-08-13T16:35:43.903957+00:00,0.0104576478909901,>=0.0020
09ff25b0dd12b7eb,4H,2026-08-07T16:00:00+00:00,USD/JPY,H1,SHORT,-0.000643119219928,157.46425,2026-08-07T20:00:00+00:00,157.5657,-0.064427,LOSS,COMPLETED,legacy_journal,2026-08-13T16:35:43.905523+00:00,0.000643119219928,0.0005-0.0010
5c3e4eabab77a99c,4H,2026-08-07T18:00:00+00:00,USD/CHF,H1,SHORT,-0.0005145133309122,0.80741,2026-08-07T22:00:00+00:00,0.80791,-0.061926,LOSS,COMPLETED,legacy_journal,2026-08-13T16:35:43.907679+00:00,0.0005145133309122,0.0005-0.0010
b86fd60ecfad8847,4H,2026-08-10T09:00:00+00:00,EUR/USD,H1,SHORT,-0.0008313393135853,1.1558,2026-08-10T13:00:00+00:00,1.15483,0.083925,WIN,COMPLETED,legacy_journal,2026-08-13T16:35:43.909112+00:00,0.0008313393135853,0.0005-0.0010
7424cf32b4502606,4H,2026-08-10T09:00:00+00:00,GBP/USD,H1,SHORT,-0.0009741622980356,1.34963,2026-08-10T13:00:00+00:00,1.34971,-0.005928,LOSS,COMPLETED,legacy_journal,2026-08-13T16:35:43.910385+00:00,0.0009741622980356,0.0005-0.0010
4b69b287cc8a42cb,4H,2026-08-10T09:00:00+00:00,NZD/USD,H1,SHORT,-0.0007906856649998,0.58939,2026-08-10T13:00:00+00:00,0.58841,0.166274,WIN,COMPLETED,legacy_journal,2026-08-13T16:35:43.911600+00:00,0.0007906856649998,0.0005-0.0010
0f78b4d6ad5a66cf,4H,2026-08-10T09:00:00+00:00,USD/CHF,H1,LONG,0.0006957301895896,0.80834,2026-08-10T13:00:00+00:00,0.80935,0.124947,WIN,COMPLETED,legacy_journal,2026-08-13T16:35:43.912785+00:00,0.0006957301895896,0.0005-0.0010
c444eb17dac9d274,4H,2026-08-10T09:00:00+00:00,USD/JPY,H1,LONG,0.0015618666054679,158.85347,2026-08-10T13:00:00+00:00,158.94575,0.058091,WIN,COMPLETED,legacy_journal,2026-08-13T16:35:43.913916+00:00,0.0015618666054679,0.0010-0.0020
59c168d695cb8598,4H,2026-08-11T17:00:00+00:00,EUR/USD,H4,SHORT,-0.0005445320357481,1.15395,2026-08-11T21:00:00+00:00,1.15432,-0.032064,LOSS,COMPLETED,legacy_journal,2026-08-13T16:35:43.916821+00:00,0.0005445320357481,0.0005-0.0010
80509b315e1b3373,4H,2026-08-11T17:00:00+00:00,NZD/USD,H1,LONG,0.0005003372512815,0.58826,2026-08-11T21:00:00+00:00,0.58805,-0.035699,LOSS,COMPLETED,api,2026-08-13T16:35:45.548710+00:00,0.0005003372512815,0.0005-0.0010
45d114e7449df248,4H,2026-08-11T17:00:00+00:00,USD/CHF,H4,LONG,0.0010245547200408,0.81128,2026-08-11T21:00:00+00:00,0.81096,-0.039444,LOSS,COMPLETED,legacy_journal,2026-08-13T16:35:43.918298+00:00,0.0010245547200408,0.0010-0.0020
dd6dbe51d69dfa90,4H,2026-08-12T00:00:00+00:00,USD/CHF,D1,LONG,0.0009954739260153,0.81096,2026-08-12T04:00:00+00:00,0.8122,0.152905,WIN,COMPLETED,api,2026-08-13T16:35:45.548860+00:00,0.0009954739260153,0.0005-0.0010
73086ee4a49c850a,4H,2026-08-12T01:00:00+00:00,NZD/USD,H4,SHORT,-0.0009333713386218,0.5877,2026-08-12T05:00:00+00:00,0.58683,0.148035,WIN,COMPLETED,api,2026-08-13T16:35:45.548767+00:00,0.0009333713386218,0.0005-0.0010
80851314e7d58bcb,4H,2026-08-12T01:00:00+00:00,USD/CHF,H4,LONG,0.0009747353223841,0.81149,2026-08-12T05:00:00+00:00,0.81217,0.083796,WIN,COMPLETED,api,2026-08-13T16:35:45.548774+00:00,0.0009747353223841,0.0005-0.0010
05dc36e78d2d6b1a,4H,2026-08-12T01:00:00+00:00,USD/JPY,H4,LONG,0.0005473620850981,159.33874,2026-08-12T05:00:00+00:00,159.41851,0.050063,WIN,COMPLETED,api,2026-08-13T16:35:45.548784+00:00,0.0005473620850981,0.0005-0.0010
f64b61e50868517c,4H,2026-08-12T04:00:00+00:00,EUR/USD,H1,SHORT,-0.0004591199990593,1.15356,2026-08-12T08:00:00+00:00,1.15372,-0.01387,LOSS,COMPLETED,api,2026-08-13T16:35:45.548732+00:00,0.0004591199990593,<0.0005
2ebaa5250b6528ad,4H,2026-08-12T04:00:00+00:00,NZD/USD,H1,SHORT,-0.0006262424411018,0.58671,2026-08-12T08:00:00+00:00,0.58613,0.098856,WIN,COMPLETED,api,2026-08-13T16:35:45.548740+00:00,0.0006262424411018,0.0005-0.0010
61129cba209ed8b2,4H,2026-08-12T04:00:00+00:00,USD/CHF,H1,LONG,0.0008104745279327,0.8122,2026-08-12T08:00:00+00:00,0.81256,0.044324,WIN,COMPLETED,api,2026-08-13T16:35:45.548749+00:00,0.0008104745279327,0.0005-0.0010
469c061b91bb7d11,4H,2026-08-12T04:00:00+00:00,USD/JPY,H1,LONG,0.0004535090637319,159.43152,2026-08-12T08:00:00+00:00,159.36876,-0.039365,LOSS,COMPLETED,api,2026-08-13T16:35:45.548758+00:00,0.0004535090637319,<0.0005
bf6c5ece19994180,4H,2026-08-12T13:00:00+00:00,EUR/USD,H4,LONG,0.004328163768722,1.15573,2026-08-12T17:00:00+00:00,1.1529,-0.244867,LOSS,COMPLETED,api,2026-08-13T16:35:45.548792+00:00,0.004328163768722,>=0.0020
c39fe5b131f9af3c,4H,2026-08-12T13:00:00+00:00,GBP/USD,H4,LONG,0.004411700401295,1.35348,2026-08-12T17:00:00+00:00,1.34979,-0.272631,LOSS,COMPLETED,api,2026-08-13T16:35:45.548801+00:00,0.004411700401295,>=0.0020
752c5af368d14d63,4H,2026-08-12T13:00:00+00:00,NZD/USD,H4,LONG,0.0055883124119751,0.58792,2026-08-12T17:00:00+00:00,0.58572,-0.374201,LOSS,COMPLETED,api,2026-08-13T16:35:45.548809+00:00,0.0055883124119751,>=0.0020
7ffd01314d8b2133,4H,2026-08-12T13:00:00+00:00,USD/CHF,H4,SHORT,-0.0058660950696499,0.81006,2026-08-12T17:00:00+00:00,0.8128,-0.338247,LOSS,COMPLETED,api,2026-08-13T16:35:45.548817+00:00,0.0058660950696499,>=0.0020
2e1a40c73379c88f,4H,2026-08-12T13:00:00+00:00,USD/JPY,H4,SHORT,-0.0054918039310451,158.88032,2026-08-12T17:00:00+00:00,159.39207,-0.322098,LOSS,COMPLETED,api,2026-08-13T16:35:45.548825+00:00,0.0054918039310451,>=0.0020
22b54039a92360fc,4H,2026-08-12T18:00:00+00:00,EUR/USD,H1,SHORT,-0.001114553484982,1.15223,2026-08-12T22:00:00+00:00,1.15232,-0.007811,LOSS,COMPLETED,api,2026-08-13T16:35:45.548833+00:00,0.001114553484982,0.0010-0.0020
b6841d74dae6d191,4H,2026-08-12T18:00:00+00:00,GBP/USD,H1,SHORT,-0.0008396883146174,1.34937,2026-08-12T22:00:00+00:00,1.34937,-0.0,FLAT,COMPLETED,api,2026-08-13T16:35:45.548838+00:00,0.0008396883146174,0.0005-0.0010
cca7e42e32450179,4H,2026-08-12T18:00:00+00:00,NZD/USD,H1,SHORT,-0.0008068518659817,0.58555,2026-08-12T22:00:00+00:00,0.58579,-0.040987,LOSS,COMPLETED,api,2026-08-13T16:35:45.548843+00:00,0.0008068518659817,0.0005-0.0010
fecac1226b03400f,4H,2026-08-12T18:00:00+00:00,USD/CHF,H1,LONG,0.0015226490476962,0.81363,2026-08-12T22:00:00+00:00,0.81346,-0.020894,LOSS,COMPLETED,api,2026-08-13T16:35:45.548849+00:00,0.0015226490476962,0.0010-0.0020
730cba1124f88612,4H,2026-08-12T18:00:00+00:00,USD/JPY,H1,LONG,0.0012237378724408,159.50047,2026-08-12T22:00:00+00:00,159.43432,-0.041473,LOSS,COMPLETED,api,2026-08-13T16:35:45.548854+00:00,0.0012237378724408,0.0010-0.0020
6b81aaf3fcca8d24,4H,2026-08-13T00:00:00+00:00,EUR/USD,D1,SHORT,-0.0036533795232641,1.15247,2026-08-13T04:00:00+00:00,1.15225,0.019089,WIN,COMPLETED,api,2026-08-13T16:35:45.548946+00:00,0.0036533795232641,>=0.0020
1b8dae97f7af6d07,4H,2026-08-13T00:00:00+00:00,GBP/USD,D1,SHORT,-0.0029946272377902,1.34956,2026-08-13T04:00:00+00:00,1.34905,0.03779,WIN,COMPLETED,api,2026-08-13T16:35:45.548952+00:00,0.0029946272377902,>=0.0020
74b7c3cc9ed4d9c9,4H,2026-08-13T00:00:00+00:00,NZD/USD,D1,SHORT,-0.0058517776914267,0.58584,2026-08-13T04:00:00+00:00,0.58317,0.455756,WIN,COMPLETED,api,2026-08-13T16:35:45.548957+00:00,0.0058517776914267,>=0.0020
528f17052e42d90f,4H,2026-08-13T00:00:00+00:00,USD/CHF,D1,LONG,0.0053813779680653,0.81364,2026-08-13T04:00:00+00:00,0.8143,0.081117,WIN,COMPLETED,api,2026-08-13T16:35:45.548976+00:00,0.0053813779680653,>=0.0020
3ba0874c8cc8e696,4H,2026-08-13T00:00:00+00:00,USD/JPY,D1,LONG,0.0028853646212598,159.43154,2026-08-13T04:00:00+00:00,159.44261,0.006943,WIN,COMPLETED,api,2026-08-13T16:35:45.548982+00:00,0.0028853646212598,>=0.0020
8afe66eebb227594,4H,2026-08-13T08:00:00+00:00,EUR/USD,H1,LONG,0.0015330972145917,1.15272,2026-08-13T12:00:00+00:00,1.15344,0.062461,WIN,COMPLETED,api,2026-08-13T16:35:45.548867+00:00,0.0015330972145917,0.0010-0.0020
b9cda4ae9480aa57,4H,2026-08-13T08:00:00+00:00,GBP/USD,H1,LONG,0.000871254723277,1.34841,2026-08-13T12:00:00+00:00,1.34934,0.06897,WIN,COMPLETED,api,2026-08-13T16:35:45.548873+00:00,0.000871254723277,0.0005-0.0010
e0c7cd788f4f842d,4H,2026-08-13T08:00:00+00:00,NZD/USD,H1,LONG,0.0015308959247667,0.58353,2026-08-13T12:00:00+00:00,0.58449,0.164516,WIN,COMPLETED,api,2026-08-13T16:35:45.548878+00:00,0.0015308959247667,0.0010-0.0020
674edbd34b58a86b,4H,2026-08-13T08:00:00+00:00,USD/CHF,H1,SHORT,-0.0018846868483959,0.81297,2026-08-13T12:00:00+00:00,0.81259,0.046742,WIN,COMPLETED,api,2026-08-13T16:35:45.548883+00:00,0.0018846868483959,0.0010-0.0020
20f6781b6631905f,4H,2026-08-13T08:00:00+00:00,USD/JPY,H1,SHORT,-0.000741468706648,159.37068,2026-08-13T12:00:00+00:00,159.34555,0.015768,WIN,COMPLETED,api,2026-08-13T16:35:45.548889+00:00,0.000741468706648,0.0005-0.0010
a5a03e458aa390a9,4H,2026-08-13T09:00:00+00:00,GBP/USD,H4,SHORT,-0.0012794453651397,1.34805,2026-08-13T13:00:00+00:00,1.35084,-0.206966,LOSS,COMPLETED,api,2026-08-13T16:35:45.548894+00:00,0.0012794453651397,0.0010-0.0020
07fe3d993285437e,4H,2026-08-13T09:00:00+00:00,USD/CHF,H4,SHORT,-0.0009821966674403,0.81289,2026-08-13T13:00:00+00:00,0.81167,0.150082,WIN,COMPLETED,api,2026-08-13T16:35:45.548904+00:00,0.0009821966674403,0.0005-0.0010
8fd2dfd004d45694,4H,2026-08-13T09:00:00+00:00,USD/JPY,H4,LONG,0.001355405630183,159.40775,2026-08-13T13:00:00+00:00,159.19377,-0.134234,LOSS,COMPLETED,api,2026-08-13T16:35:45.548909+00:00,0.001355405630183,0.0010-0.0020
872c4d2332eedfc0,4H,2026-08-13T10:00:00+00:00,EUR/USD,H1,LONG,0.0016804474425712,1.15343,2026-08-13T14:00:00+00:00,1.1535,0.006069,WIN,COMPLETED,api,2026-08-13T16:35:45.548914+00:00,0.0016804474425712,0.0010-0.0020
83b41cddf6aa39d0,4H,2026-08-13T10:00:00+00:00,GBP/USD,H1,LONG,0.0016920661792017,1.34907,2026-08-13T14:00:00+00:00,1.34998,0.067454,WIN,COMPLETED,api,2026-08-13T16:35:45.548919+00:00,0.0016920661792017,0.0010-0.0020
89671403ece487f9,4H,2026-08-13T10:00:00+00:00,NZD/USD,H1,LONG,0.0025706813139545,0.58438,2026-08-13T14:00:00+00:00,0.58457,0.032513,WIN,COMPLETED,api,2026-08-13T16:35:45.548925+00:00,0.0025706813139545,>=0.0020
1f034ce2e4723cba,4H,2026-08-13T10:00:00+00:00,USD/CHF,H1,SHORT,-0.0016659526453765,0.81219,2026-08-13T14:00:00+00:00,0.81262,-0.052943,LOSS,COMPLETED,api,2026-08-13T16:35:45.548930+00:00,0.0016659526453765,0.0010-0.0020
f7ba2d73abe05a93,4H,2026-08-13T10:00:00+00:00,USD/JPY,H1,SHORT,-0.0012995853390385,159.33803,2026-08-13T14:00:00+00:00,159.28872,0.030947,WIN,COMPLETED,api,2026-08-13T16:35:45.548935+00:00,0.0012995853390385,0.0010-0.0020
7db4cbe95fad0f4c,4H,2026-08-13T12:00:00+00:00,USD/CHF,H1,LONG,0.0009100506565165,0.81259,2026-08-13T16:00:00+00:00,0.813,0.050456,WIN,COMPLETED,api,2026-08-13T16:35:45.548941+00:00,0.0009100506565165,0.0005-0.0010
