scope,horizon,signals,wins,losses,flats,win_rate_pct,avg_return_pct,median_return_pct,total_return_pct,avg_win_pct,avg_loss_pct,expectancy_pct,min_return_pct,max_return_pct,minimum_sample_met,timeframe,pair,signal,score_diff_bucket
overall_horizon,1H,52,14,26,12,26.92,-0.009477,-0.001112,-0.49282,0.03368,-0.03709,-0.009477,-0.134558,0.086113,True,,,,
overall_horizon,24H,28,14,14,0,50.0,0.027264,-0.02075,0.763405,0.232847,-0.178318,0.027264,-0.431782,0.603365,False,,,,
overall_horizon,4H,52,26,25,1,50.0,-0.009136,0.003034,-0.475079,0.088765,-0.111319,-0.009136,-0.374201,0.455756,True,,,,
by_timeframe,1H,6,1,5,0,16.67,-0.02242,-0.025889,-0.134517,0.065355,-0.039974,-0.02242,-0.081117,0.065355,False,D1,,,
by_timeframe,1H,33,8,13,12,24.24,-0.00432,0.0,-0.142564,0.017987,-0.022035,-0.00432,-0.113218,0.038537,True,H1,,,
by_timeframe,1H,13,5,8,0,38.46,-0.016595,-0.038071,-0.215739,0.052454,-0.059751,-0.016595,-0.134558,0.086113,False,H4,,,
by_timeframe,24H,1,1,0,0,100.0,0.284848,0.284848,0.284848,0.284848,,0.284848,0.284848,0.284848,False,D1,,,
by_timeframe,24H,17,8,9,0,47.06,0.050286,-0.044587,0.85486,0.27631,-0.150625,0.050286,-0.431782,0.603365,False,H1,,,
by_timeframe,24H,10,5,5,0,50.0,-0.03763,-0.058158,-0.376303,0.152905,-0.228165,-0.03763,-0.430331,0.299473,False,H4,,,
by_timeframe,4H,6,6,0,0,100.0,0.1256,0.059453,0.7536,0.1256,,0.1256,0.006943,0.455756,False,D1,,,
by_timeframe,4H,33,16,16,1,48.48,0.009215,0.0,0.304097,0.070145,-0.051138,0.009215,-0.133941,0.166274,True,H1,,,
by_timeframe,4H,13,4,9,0,30.77,-0.117906,-0.134234,-1.532776,0.107994,-0.218306,-0.117906,-0.374201,0.150082,False,H4,,,
by_pair,1H,9,3,4,2,33.33,-0.004233,0.0,-0.038093,0.018789,-0.023615,-0.004233,-0.038071,0.020808,False,,EUR/USD,,
by_pair,1H,8,1,5,2,12.5,-0.017588,-0.00704,-0.140707,0.038537,-0.035849,-0.017588,-0.075665,0.038537,False,,GBP/USD,,
by_pair,1H,10,2,6,2,20.0,-0.004952,-0.01195,-0.049519,0.043404,-0.022721,-0.004952,-0.042523,0.081674,False,,NZD/USD,,
by_pair,1H,14,7,4,3,50.0,-0.003085,0.00492,-0.043188,0.041343,-0.083147,-0.003085,-0.134558,0.086113,False,,USD/CHF,,
by_pair,1H,11,1,7,3,9.09,-0.020119,-0.00816,-0.221313,0.000408,-0.031674,-0.020119,-0.077178,0.000408,False,,USD/JPY,,
by_pair,24H,5,3,2,0,60.0,0.031938,0.090992,0.15969,0.13019,-0.11544,0.031938,-0.119405,0.186018,False,,EUR/USD,,
by_pair,24H,3,0,3,0,0.0,-0.102308,-0.059276,-0.306925,,-0.102308,-0.102308,-0.195053,-0.052596,False,,GBP/USD,,
by_pair,24H,6,3,3,0,50.0,0.059392,0.119218,0.356349,0.4265,-0.307717,0.059392,-0.431782,0.603365,False,,NZD/USD,,
by_pair,24H,8,5,3,0,62.5,0.117423,0.185486,0.93938,0.2524,-0.107541,0.117423,-0.198751,0.347626,False,,USD/CHF,,
by_pair,24H,6,3,3,0,50.0,-0.064181,-0.097099,-0.385089,0.109261,-0.237624,-0.064181,-0.287743,0.317739,False,,USD/JPY,,
by_pair,4H,9,4,5,0,44.44,-0.025257,-0.007811,-0.22731,0.042886,-0.079771,-0.025257,-0.244867,0.083925,False,,EUR/USD,,
by_pair,4H,8,3,4,1,37.5,-0.040673,-0.002964,-0.325386,0.058071,-0.1249,-0.040673,-0.272631,0.06897,False,,GBP/USD,,
by_pair,4H,10,6,4,0,60.0,0.048112,0.065684,0.481122,0.177658,-0.146207,0.048112,-0.374201,0.455756,False,,NZD/USD,,
by_pair,4H,14,8,6,0,57.14,0.010913,0.045533,0.15278,0.091796,-0.096931,0.010913,-0.338247,0.152905,False,,USD/CHF,,
by_pair,4H,11,5,6,0,45.45,-0.050571,-0.039365,-0.556285,0.032362,-0.119683,-0.050571,-0.322098,0.058091,False,,USD/JPY,,
by_direction,1H,27,7,15,5,25.93,-0.012926,-0.003477,-0.349,0.027882,-0.036278,-0.012926,-0.113218,0.069027,False,,,LONG,
by_direction,1H,25,7,11,7,28.0,-0.005753,0.0,-0.14382,0.039478,-0.038197,-0.005753,-0.134558,0.086113,False,,,SHORT,
by_direction,24H,15,8,7,0,53.33,0.01254,0.003088,0.188105,0.198723,-0.20024,0.01254,-0.431782,0.347626,False,,,LONG,
by_direction,24H,13,6,7,0,46.15,0.044254,-0.044587,0.5753,0.278345,-0.156396,0.044254,-0.287743,0.603365,False,,,SHORT,
by_direction,4H,27,15,12,0,55.56,-0.014683,0.006943,-0.396441,0.070308,-0.120922,-0.014683,-0.374201,0.164516,False,,,LONG,
by_direction,4H,25,11,13,1,44.0,-0.003146,-0.005928,-0.078638,0.113933,-0.102454,-0.003146,-0.338247,0.455756,False,,,SHORT,
by_score_diff_bucket,1H,20,6,8,6,30.0,0.003445,0.0,0.068906,0.049523,-0.028529,0.003445,-0.113218,0.086113,False,,,,0.0005-0.0010
by_score_diff_bucket,1H,14,7,6,1,50.0,0.000293,0.000204,0.004105,0.024179,-0.027524,0.000293,-0.075665,0.069027,False,,,,0.0010-0.0020
by_score_diff_bucket,1H,2,0,2,0,0.0,-0.007981,-0.007981,-0.015962,,-0.007981,-0.007981,-0.00816,-0.007802,False,,,,<0.0005
by_score_diff_bucket,1H,16,1,10,5,6.25,-0.034367,-0.025889,-0.549869,0.005134,-0.0555,-0.034367,-0.134558,0.005134,False,,,,>=0.0020
by_score_diff_bucket,24H,14,10,4,0,71.43,0.133625,0.184816,1.870754,0.263424,-0.190872,0.133625,-0.431782,0.603365,False,,,,0.0005-0.0010
by_score_diff_bucket,24H,2,2,0,0,100.0,0.252548,0.252548,0.505097,0.252548,,0.252548,0.187358,0.317739,False,,,,0.0010-0.0020
by_score_diff_bucket,24H,2,2,0,0,100.0,0.060258,0.060258,0.120517,0.060258,,0.060258,0.006956,0.113561,False,,,,<0.0005
by_score_diff_bucket,24H,10,0,10,0,0.0,-0.173296,-0.157229,-1.732963,,-0.173296,-0.173296,-0.430331,-0.052596,False,,,,>=0.0020
by_score_diff_bucket,4H,20,13,6,1,65.0,0.049868,0.05026,0.99737,0.095262,-0.040172,0.049868,-0.064427,0.166274,False,,,,0.0005-0.0010
by_score_diff_bucket,4H,14,7,7,0,50.0,-0.00482,-0.000871,-0.067485,0.062326,-0.071966,-0.00482,-0.206966,0.164516,False,,,,0.0010-0.0020
by_score_diff_bucket,4H,2,0,2,0,0.0,-0.026618,-0.026618,-0.053235,,-0.026618,-0.026618,-0.039365,-0.01387,False,,,,<0.0005
by_score_diff_bucket,4H,16,6,10,0,37.5,-0.084483,-0.084188,-1.351729,0.105535,-0.198494,-0.084483,-0.374201,0.455756,False,,,,>=0.0020
by_timeframe_pair,1H,1,0,1,0,0.0,-0.034708,-0.034708,-0.034708,,-0.034708,-0.034708,-0.034708,-0.034708,False,D1,EUR/USD,,
by_timeframe_pair,1H,1,0,1,0,0.0,-0.011856,-0.011856,-0.011856,,-0.011856,-0.011856,-0.011856,-0.011856,False,D1,GBP/USD,,
by_timeframe_pair,1H,1,0,1,0,0.0,-0.01707,-0.01707,-0.01707,,-0.01707,-0.01707,-0.01707,-0.01707,False,D1,NZD/USD,,
by_timeframe_pair,1H,2,1,1,0,50.0,-0.007881,-0.007881,-0.015762,0.065355,-0.081117,-0.007881,-0.081117,0.065355,False,D1,USD/CHF,,
by_timeframe_pair,1H,1,0,1,0,0.0,-0.055121,-0.055121,-0.055121,,-0.055121,-0.055121,-0.055121,-0.055121,False,D1,USD/JPY,,
by_timeframe_pair,1H,6,2,2,2,33.33,0.003181,0.0,0.019087,0.020384,-0.010841,0.003181,-0.01388,0.020808,False,H1,EUR/USD,,
by_timeframe_pair,1H,5,1,2,2,20.0,0.001923,0.0,0.009615,0.038537,-0.014461,0.001923,-0.026698,0.038537,False,H1,GBP/USD,,
by_timeframe_pair,1H,7,1,4,2,14.29,-0.010229,-0.006831,-0.0716,0.005134,-0.019184,-0.010229,-0.030599,0.005134,False,H1,NZD/USD,,
by_timeframe_pair,1H,8,3,2,3,37.5,-0.007233,0.0,-0.057866,0.019682,-0.058456,-0.007233,-0.113218,0.024625,False,H1,USD/CHF,,
by_timeframe_pair,1H,7,1,3,3,14.29,-0.005971,0.0,-0.0418,0.000408,-0.014069,-0.005971,-0.02326,0.000408,False,H1,USD/JPY,,
by_timeframe_pair,1H,2,1,1,0,50.0,-0.011236,-0.011236,-0.022472,0.015599,-0.038071,-0.011236,-0.038071,0.015599,False,H4,EUR/USD,,
by_timeframe_pair,1H,2,0,2,0,0.0,-0.069233,-0.069233,-0.138466,,-0.069233,-0.069233,-0.075665,-0.062801,False,H4,GBP/USD,,
by_timeframe_pair,1H,2,1,1,0,50.0,0.019576,0.019576,0.039151,0.081674,-0.042523,0.019576,-0.042523,0.081674,False,H4,NZD/USD,,
by_timeframe_pair,1H,4,3,1,0,75.0,0.00761,0.039443,0.03044,0.054999,-0.134558,0.00761,-0.134558,0.086113,False,H4,USD/CHF,,
by_timeframe_pair,1H,3,0,3,0,0.0,-0.041464,-0.043737,-0.124392,,-0.041464,-0.041464,-0.077178,-0.003477,False,H4,USD/JPY,,
by_timeframe_pair,24H,1,1,0,0,100.0,0.284848,0.284848,0.284848,0.284848,,0.284848,0.284848,0.284848,False,D1,USD/CHF,,
by_timeframe_pair,24H,3,2,1,0,66.67,0.062701,0.113561,0.188103,0.14979,-0.111476,0.062701,-0.111476,0.186018,False,H1,EUR/USD,,
by_timeframe_pair,24H,2,0,2,0,0.0,-0.055936,-0.055936,-0.111872,,-0.055936,-0.055936,-0.059276,-0.052596,False,H1,GBP/USD,,
by_timeframe_pair,24H,4,2,2,0,50.0,0.121802,0.157812,0.487207,0.490013,-0.24641,0.121802,-0.431782,0.603365,False,H1,NZD/USD,,
by_timeframe_pair,24H,4,2,2,0,50.0,0.120578,0.106985,0.482312,0.303091,-0.061936,0.120578,-0.079284,0.347626,False,H1,USD/CHF,,
by_timeframe_pair,24H,4,2,2,0,50.0,-0.047722,-0.110443,-0.19089,0.162348,-0.257792,-0.047722,-0.287743,0.317739,False,H1,USD/JPY,,
by_timeframe_pair,24H,2,1,1,0,50.0,-0.014206,-0.014206,-0.028413,0.090992,-0.119405,-0.014206,-0.119405,0.090992,False,H4,EUR/USD,,
by_timeframe_pair,24H,1,0,1,0,0.0,-0.195053,-0.195053,-0.195053,,-0.195053,-0.195053,-0.195053,-0.195053,False,H4,GBP/USD,,
by_timeframe_pair,24H,2,1,1,0,50.0,-0.065429,-0.065429,-0.130858,0.299473,-0.430331,-0.065429,-0.430331,0.299473,False,H4,NZD/USD,,
by_timeframe_pair,24H,3,2,1,0,66.67,0.057407,0.183613,0.17222,0.185486,-0.198751,0.057407,-0.198751,0.187358,False,H4,USD/CHF,,
by_timeframe_pair,24H,2,1,1,0,50.0,-0.097099,-0.097099,-0.194199,0.003088,-0.197287,-0.097099,-0.197287,0.003088,False,H4,USD/JPY,,
by_timeframe_pair,4H,1,1,0,0,100.0,0.019089,0.019089,0.019089,0.019089,,0.019089,0.019089,0.019089,False,D1,EUR/USD,,
by_timeframe_pair,4H,1,1,0,0,100.0,0.03779,0.03779,0.03779,0.03779,,0.03779,0.03779,0.03779,False,D1,GBP/USD,,
by_timeframe_pair,4H,1,1,0,0,100.0,0.455756,0.455756,0.455756,0.455756,,0.455756,0.455756,0.455756,False,D1,NZD/USD,,
by_timeframe_pair,4H,2,2,0,0,100.0,0.117011,0.117011,0.234022,0.117011,,0.117011,0.081117,0.152905,False,D1,USD/CHF,,
by_timeframe_pair,4H,1,1,0,0,100.0,0.006943,0.006943,0.006943,0.006943,,0.006943,0.006943,0.006943,False,D1,USD/JPY,,
by_timeframe_pair,4H,6,3,3,0,50.0,0.005089,-0.000871,0.030532,0.050818,-0.040641,0.005089,-0.100242,0.083925,False,H1,EUR/USD,,
by_timeframe_pair,4H,5,2,2,1,40.0,0.023284,0.0,0.116421,0.068212,-0.010002,0.023284,-0.014075,0.06897,False,H1,GBP/USD,,
by_timeframe_pair,4H,7,4,3,0,57.14,0.035933,0.032513,0.251532,0.11554,-0.070209,0.035933,-0.133941,0.166274,False,H1,NZD/USD,,
by_timeframe_pair,4H,8,4,4,0,50.0,0.007821,0.011715,0.062571,0.066617,-0.050974,0.007821,-0.068135,0.124947,False,H1,USD/CHF,,
by_timeframe_pair,4H,7,3,4,0,42.86,-0.022423,-0.039365,-0.156959,0.034935,-0.065441,-0.022423,-0.1165,0.058091,False,H1,USD/JPY,,
by_timeframe_pair,4H,2,0,2,0,0.0,-0.138466,-0.138466,-0.276931,,-0.138466,-0.138466,-0.244867,-0.032064,False,H4,EUR/USD,,
by_timeframe_pair,4H,2,0,2,0,0.0,-0.239799,-0.239799,-0.479597,,-0.239799,-0.239799,-0.272631,-0.206966,False,H4,GBP/USD,,
by_timeframe_pair,4H,2,1,1,0,50.0,-0.113083,-0.113083,-0.226166,0.148035,-0.374201,-0.113083,-0.374201,0.148035,False,H4,NZD/USD,,
by_timeframe_pair,4H,4,2,2,0,50.0,-0.035953,0.022176,-0.143813,0.116939,-0.188846,-0.035953,-0.338247,0.150082,False,H4,USD/CHF,,
by_timeframe_pair,4H,3,1,2,0,33.33,-0.135423,-0.134234,-0.406269,0.050063,-0.228166,-0.135423,-0.322098,0.050063,False,H4,USD/JPY,,
