scope,horizon,signals,wins,losses,flats,win_rate_pct,avg_return_pct,median_return_pct,total_return_pct,min_return_pct,max_return_pct,timeframe,pair,signal
overall_horizon,24H,12,4,8,0,33.33,0.02535,-0.055936,0.304203,-0.287743,0.376661,,,
overall_horizon,4H,14,4,10,0,28.57,-0.014532,-0.035754,-0.203445,-0.133941,0.166274,,,
by_timeframe,24H,12,4,8,0,33.33,0.02535,-0.055936,0.304203,-0.287743,0.376661,H1,,
by_timeframe,4H,12,4,8,0,33.33,-0.010995,-0.038,-0.131937,-0.133941,0.166274,H1,,
by_timeframe,4H,2,0,2,0,0.0,-0.035754,-0.035754,-0.071508,-0.039444,-0.032064,H4,,
by_pair,24H,2,1,1,0,50.0,0.037271,0.037271,0.074542,-0.111476,0.186018,,EUR/USD,
by_pair,24H,2,0,2,0,0.0,-0.055936,-0.055936,-0.111872,-0.059276,-0.052596,,GBP/USD,
by_pair,24H,2,1,1,0,50.0,0.157812,0.157812,0.315624,-0.061037,0.376661,,NZD/USD,
by_pair,24H,3,1,2,0,33.33,0.074585,-0.044587,0.223755,-0.079284,0.347626,,USD/CHF,
by_pair,24H,3,1,2,0,33.33,-0.065949,-0.227842,-0.197846,-0.287743,0.317739,,USD/JPY,
by_pair,4H,3,1,2,0,33.33,-0.016127,-0.032064,-0.048381,-0.100242,0.083925,,EUR/USD,
by_pair,4H,2,0,2,0,0.0,-0.010002,-0.010002,-0.020003,-0.014075,-0.005928,,GBP/USD,
by_pair,4H,2,1,1,0,50.0,0.016166,0.016166,0.032333,-0.133941,0.166274,,NZD/USD,
by_pair,4H,4,1,3,0,25.0,-0.01114,-0.050685,-0.044558,-0.068135,0.124947,,USD/CHF,
by_pair,4H,3,1,2,0,33.33,-0.040945,-0.064427,-0.122836,-0.1165,0.058091,,USD/JPY,
by_direction,24H,5,2,3,0,40.0,0.088051,-0.052596,0.440256,-0.111476,0.347626,,,LONG
by_direction,24H,7,2,5,0,28.57,-0.019436,-0.059276,-0.136053,-0.287743,0.376661,,,SHORT
by_direction,4H,6,2,4,0,33.33,-0.017444,-0.02676,-0.104664,-0.133941,0.124947,,,LONG
by_direction,4H,8,2,6,0,25.0,-0.012348,-0.046995,-0.098781,-0.1165,0.166274,,,SHORT
by_timeframe_pair,24H,2,1,1,0,50.0,0.037271,0.037271,0.074542,-0.111476,0.186018,H1,EUR/USD,
by_timeframe_pair,24H,2,0,2,0,0.0,-0.055936,-0.055936,-0.111872,-0.059276,-0.052596,H1,GBP/USD,
by_timeframe_pair,24H,2,1,1,0,50.0,0.157812,0.157812,0.315624,-0.061037,0.376661,H1,NZD/USD,
by_timeframe_pair,24H,3,1,2,0,33.33,0.074585,-0.044587,0.223755,-0.079284,0.347626,H1,USD/CHF,
by_timeframe_pair,24H,3,1,2,0,33.33,-0.065949,-0.227842,-0.197846,-0.287743,0.317739,H1,USD/JPY,
by_timeframe_pair,4H,2,1,1,0,50.0,-0.008158,-0.008158,-0.016317,-0.100242,0.083925,H1,EUR/USD,
by_timeframe_pair,4H,2,0,2,0,0.0,-0.010002,-0.010002,-0.020003,-0.014075,-0.005928,H1,GBP/USD,
by_timeframe_pair,4H,2,1,1,0,50.0,0.016166,0.016166,0.032333,-0.133941,0.166274,H1,NZD/USD,
by_timeframe_pair,4H,3,1,2,0,33.33,-0.001705,-0.061926,-0.005114,-0.068135,0.124947,H1,USD/CHF,
by_timeframe_pair,4H,3,1,2,0,33.33,-0.040945,-0.064427,-0.122836,-0.1165,0.058091,H1,USD/JPY,
by_timeframe_pair,4H,1,0,1,0,0.0,-0.032064,-0.032064,-0.032064,-0.032064,-0.032064,H4,EUR/USD,
by_timeframe_pair,4H,1,0,1,0,0.0,-0.039444,-0.039444,-0.039444,-0.039444,-0.039444,H4,USD/CHF,
