pair,timestamp,open,close
AUD/USD,2026-08-27 01:00:00+00:00,0.7174,0.71809
AUD/USD,2026-08-27 05:00:00+00:00,0.71807,0.71858
AUD/USD,2026-08-27 09:00:00+00:00,0.71856,0.71843
AUD/USD,2026-08-27 17:00:00+00:00,0.71873,0.7196
AUD/USD,2026-08-27 21:00:00+00:00,0.71961,0.71953
AUD/USD,2026-08-28 05:00:00+00:00,0.71968,0.71982
AUD/USD,2026-08-29 01:00:00+00:00,0.71615,0.71614
AUD/USD,2026-08-29 05:00:00+00:00,0.71612,0.71613
AUD/USD,2026-08-29 09:00:00+00:00,0.71612,0.71613
AUD/USD,2026-08-30 05:00:00+00:00,0.71627,0.71628
AUD/USD,2026-08-30 09:00:00+00:00,0.71627,0.71638
AUD/USD,2026-08-30 17:00:00+00:00,0.71627,0.71614
AUD/USD,2026-08-30 21:00:00+00:00,0.71614,0.71575
AUD/USD,2026-08-31 09:00:00+00:00,0.71662,0.71588
AUD/USD,2026-08-31 13:00:00+00:00,0.71586,0.7159
AUD/USD,2026-08-31 17:00:00+00:00,0.71589,0.71672
AUD/USD,2026-09-01 21:00:00+00:00,0.71508,0.71448
AUD/USD,2026-09-02 01:00:00+00:00,0.71445,0.71417
AUD/USD,2026-09-02 09:00:00+00:00,0.71328,0.71286
AUD/USD,2026-09-02 13:00:00+00:00,0.71284,0.71479
AUD/USD,2026-09-02 17:00:00+00:00,0.71481,0.71689
AUD/USD,2026-09-02 21:00:00+00:00,0.71689,0.71701
AUD/USD,2026-09-03 01:00:00+00:00,0.71699,0.71667
AUD/USD,2026-09-03 05:00:00+00:00,0.71665,0.71678
AUD/USD,2026-09-03 09:00:00+00:00,0.71678,0.7183
AUD/USD,2026-09-03 13:00:00+00:00,0.71829,0.72056
AUD/USD,2026-09-03 17:00:00+00:00,0.72052,0.72067
AUD/USD,2026-09-03 21:00:00+00:00,0.72066,0.72007
AUD/USD,2026-09-04 05:00:00+00:00,0.72069,0.72098
AUD/USD,2026-09-04 09:00:00+00:00,0.72098,0.72015
AUD/USD,2026-09-04 13:00:00+00:00,0.72017,0.71922
AUD/USD,2026-09-04 17:00:00+00:00,0.71917,0.72102
AUD/USD,2026-09-05 05:00:00+00:00,0.72041,0.72042
AUD/USD,2026-09-05 09:00:00+00:00,0.72041,0.72041
AUD/USD,2026-09-05 13:00:00+00:00,0.72042,0.7203
AUD/USD,2026-09-05 17:00:00+00:00,0.72033,0.7204
AUD/USD,2026-09-09 05:00:00+00:00,0.72256,0.72298
AUD/USD,2026-09-09 09:00:00+00:00,0.72294,0.72236
AUD/USD,2026-09-09 21:00:00+00:00,0.72205,0.72185
AUD/USD,2026-09-10 01:00:00+00:00,0.72183,0.72176
AUD/USD,2026-09-10 09:00:00+00:00,0.7219,0.72122
AUD/USD,2026-09-10 21:00:00+00:00,0.7167,0.71565
AUD/USD,2026-09-11 01:00:00+00:00,0.71565,0.71646
AUD/USD,2026-09-11 09:00:00+00:00,0.71609,0.71677
AUD/USD,2026-09-11 13:00:00+00:00,0.71679,0.71835
AUD/USD,2026-09-11 17:00:00+00:00,0.7184,0.71757
AUD/USD,2026-09-11 21:00:00+00:00,0.71756,0.71711
AUD/USD,2026-09-12 01:00:00+00:00,0.71709,0.71711
AUD/USD,2026-09-12 05:00:00+00:00,0.7171,0.71709
AUD/USD,2026-09-12 09:00:00+00:00,0.71709,0.71708
AUD/USD,2026-09-12 13:00:00+00:00,0.71709,0.71711
AUD/USD,2026-09-12 17:00:00+00:00,0.71711,0.7171
AUD/USD,2026-09-12 21:00:00+00:00,0.71709,0.71711
AUD/USD,2026-09-13 01:00:00+00:00,0.7171,0.71709
AUD/USD,2026-09-13 05:00:00+00:00,0.71708,0.71709
AUD/USD,2026-09-13 09:00:00+00:00,0.71709,0.71711
AUD/USD,2026-09-13 13:00:00+00:00,0.71711,0.7171
AUD/USD,2026-09-13 17:00:00+00:00,0.7171,0.71708
AUD/USD,2026-09-13 21:00:00+00:00,0.71707,0.7163
AUD/USD,2026-09-14 01:00:00+00:00,0.71634,0.71477
AUD/USD,2026-09-14 05:00:00+00:00,0.71481,0.71507
EUR/USD,2026-08-27 01:00:00+00:00,1.16539,1.16566
EUR/USD,2026-08-27 05:00:00+00:00,1.16568,1.16558
EUR/USD,2026-08-27 09:00:00+00:00,1.16555,1.16494
EUR/USD,2026-08-27 17:00:00+00:00,1.16409,1.16515
EUR/USD,2026-08-27 21:00:00+00:00,1.16516,1.16522
EUR/USD,2026-08-28 05:00:00+00:00,1.16535,1.16457
EUR/USD,2026-08-29 01:00:00+00:00,1.15829,1.15823
EUR/USD,2026-08-29 05:00:00+00:00,1.1582,1.15823
EUR/USD,2026-08-29 09:00:00+00:00,1.15821,1.15822
EUR/USD,2026-08-30 05:00:00+00:00,1.15837,1.15856
EUR/USD,2026-08-30 09:00:00+00:00,1.15854,1.1585
EUR/USD,2026-08-30 17:00:00+00:00,1.15631,1.15359
EUR/USD,2026-08-30 21:00:00+00:00,1.15359,1.15827
EUR/USD,2026-08-31 09:00:00+00:00,1.1591,1.15937
EUR/USD,2026-08-31 13:00:00+00:00,1.15941,1.15958
EUR/USD,2026-08-31 17:00:00+00:00,1.15961,1.16163
EUR/USD,2026-09-01 21:00:00+00:00,1.15862,1.1593
EUR/USD,2026-09-02 01:00:00+00:00,1.15929,1.15845
EUR/USD,2026-09-02 09:00:00+00:00,1.15761,1.15732
EUR/USD,2026-09-02 13:00:00+00:00,1.15736,1.15785
EUR/USD,2026-09-02 17:00:00+00:00,1.15788,1.15889
EUR/USD,2026-09-02 21:00:00+00:00,1.15891,1.15884
EUR/USD,2026-09-03 01:00:00+00:00,1.15882,1.15903
EUR/USD,2026-09-03 05:00:00+00:00,1.15901,1.15951
EUR/USD,2026-09-03 09:00:00+00:00,1.15951,1.16101
EUR/USD,2026-09-03 13:00:00+00:00,1.16099,1.16249
EUR/USD,2026-09-03 17:00:00+00:00,1.16259,1.16387
EUR/USD,2026-09-03 21:00:00+00:00,1.16394,1.16258
EUR/USD,2026-09-04 05:00:00+00:00,1.16307,1.16264
EUR/USD,2026-09-04 09:00:00+00:00,1.16268,1.16255
EUR/USD,2026-09-04 13:00:00+00:00,1.16252,1.16011
EUR/USD,2026-09-04 17:00:00+00:00,1.16002,1.16206
EUR/USD,2026-09-05 05:00:00+00:00,1.16138,1.1614
EUR/USD,2026-09-05 09:00:00+00:00,1.16138,1.16138
EUR/USD,2026-09-05 13:00:00+00:00,1.16138,1.1616
EUR/USD,2026-09-05 17:00:00+00:00,1.16157,1.16141
EUR/USD,2026-09-09 05:00:00+00:00,1.16319,1.16332
EUR/USD,2026-09-09 09:00:00+00:00,1.16329,1.16336
EUR/USD,2026-09-09 21:00:00+00:00,1.16364,1.16334
EUR/USD,2026-09-10 01:00:00+00:00,1.16331,1.16312
EUR/USD,2026-09-10 09:00:00+00:00,1.16373,1.16382
EUR/USD,2026-09-10 21:00:00+00:00,1.16195,1.16105
EUR/USD,2026-09-11 01:00:00+00:00,1.16102,1.16149
EUR/USD,2026-09-11 09:00:00+00:00,1.1605,1.1599
EUR/USD,2026-09-11 13:00:00+00:00,1.15993,1.16007
EUR/USD,2026-09-11 17:00:00+00:00,1.16014,1.15994
EUR/USD,2026-09-11 21:00:00+00:00,1.15994,1.15989
EUR/USD,2026-09-12 01:00:00+00:00,1.15986,1.15986
EUR/USD,2026-09-12 05:00:00+00:00,1.15983,1.15985
EUR/USD,2026-09-12 09:00:00+00:00,1.15983,1.15982
EUR/USD,2026-09-12 13:00:00+00:00,1.15983,1.15997
EUR/USD,2026-09-12 17:00:00+00:00,1.15996,1.16005
EUR/USD,2026-09-12 21:00:00+00:00,1.16004,1.15988
EUR/USD,2026-09-13 01:00:00+00:00,1.15986,1.15985
EUR/USD,2026-09-13 05:00:00+00:00,1.15985,1.15998
EUR/USD,2026-09-13 09:00:00+00:00,1.15996,1.15995
EUR/USD,2026-09-13 13:00:00+00:00,1.15996,1.16049
EUR/USD,2026-09-13 17:00:00+00:00,1.1605,1.16029
EUR/USD,2026-09-13 21:00:00+00:00,1.16028,1.15987
EUR/USD,2026-09-14 01:00:00+00:00,1.15985,1.15865
EUR/USD,2026-09-14 05:00:00+00:00,1.15874,1.1566
GBP/USD,2026-08-27 01:00:00+00:00,1.35976,1.35927
GBP/USD,2026-08-27 05:00:00+00:00,1.35925,1.35879
GBP/USD,2026-08-27 09:00:00+00:00,1.35876,1.35831
GBP/USD,2026-08-27 17:00:00+00:00,1.35747,1.35922
GBP/USD,2026-08-27 21:00:00+00:00,1.35927,1.35927
GBP/USD,2026-08-28 05:00:00+00:00,1.35963,1.3589
GBP/USD,2026-08-29 01:00:00+00:00,1.35352,1.3533
GBP/USD,2026-08-29 05:00:00+00:00,1.35327,1.35326
GBP/USD,2026-08-29 09:00:00+00:00,1.35323,1.35328
GBP/USD,2026-08-30 05:00:00+00:00,1.35353,1.35365
GBP/USD,2026-08-30 09:00:00+00:00,1.35362,1.35365
GBP/USD,2026-08-30 17:00:00+00:00,1.354,1.3543
GBP/USD,2026-08-30 21:00:00+00:00,1.35431,1.35338
GBP/USD,2026-08-31 09:00:00+00:00,1.35443,1.35409
GBP/USD,2026-08-31 13:00:00+00:00,1.35407,1.35387
GBP/USD,2026-08-31 17:00:00+00:00,1.35389,1.35484
GBP/USD,2026-09-01 21:00:00+00:00,1.35157,1.35163
GBP/USD,2026-09-02 01:00:00+00:00,1.35162,1.35085
GBP/USD,2026-09-02 09:00:00+00:00,1.34968,1.35018
GBP/USD,2026-09-02 13:00:00+00:00,1.35023,1.34752
GBP/USD,2026-09-02 17:00:00+00:00,1.34757,1.34957
GBP/USD,2026-09-02 21:00:00+00:00,1.34961,1.34841
GBP/USD,2026-09-03 01:00:00+00:00,1.34847,1.34895
GBP/USD,2026-09-03 05:00:00+00:00,1.3489,1.34935
GBP/USD,2026-09-03 09:00:00+00:00,1.34929,1.35008
GBP/USD,2026-09-03 13:00:00+00:00,1.3501,1.3517
GBP/USD,2026-09-03 17:00:00+00:00,1.35181,1.35463
GBP/USD,2026-09-03 21:00:00+00:00,1.35465,1.35243
GBP/USD,2026-09-04 05:00:00+00:00,1.35334,1.35322
GBP/USD,2026-09-04 09:00:00+00:00,1.35319,1.35331
GBP/USD,2026-09-04 13:00:00+00:00,1.35336,1.35025
GBP/USD,2026-09-04 17:00:00+00:00,1.35014,1.35195
GBP/USD,2026-09-05 05:00:00+00:00,1.35176,1.35173
GBP/USD,2026-09-05 09:00:00+00:00,1.35171,1.35178
GBP/USD,2026-09-05 13:00:00+00:00,1.35176,1.35159
GBP/USD,2026-09-05 17:00:00+00:00,1.3516,1.35175
GBP/USD,2026-09-09 05:00:00+00:00,1.35478,1.3551
GBP/USD,2026-09-09 09:00:00+00:00,1.35506,1.35432
GBP/USD,2026-09-09 21:00:00+00:00,1.35519,1.35469
GBP/USD,2026-09-10 01:00:00+00:00,1.35467,1.35473
GBP/USD,2026-09-10 09:00:00+00:00,1.35536,1.35557
GBP/USD,2026-09-10 21:00:00+00:00,1.35237,1.35116
GBP/USD,2026-09-11 01:00:00+00:00,1.35113,1.35147
GBP/USD,2026-09-11 09:00:00+00:00,1.35032,1.35063
GBP/USD,2026-09-11 13:00:00+00:00,1.35066,1.35224
GBP/USD,2026-09-11 17:00:00+00:00,1.35215,1.35237
GBP/USD,2026-09-11 21:00:00+00:00,1.35233,1.3526
GBP/USD,2026-09-12 01:00:00+00:00,1.3526,1.35283
GBP/USD,2026-09-12 05:00:00+00:00,1.3528,1.35281
GBP/USD,2026-09-12 09:00:00+00:00,1.35279,1.35285
GBP/USD,2026-09-12 13:00:00+00:00,1.35281,1.35278
GBP/USD,2026-09-12 17:00:00+00:00,1.35279,1.35285
GBP/USD,2026-09-12 21:00:00+00:00,1.35283,1.35282
GBP/USD,2026-09-13 01:00:00+00:00,1.3528,1.35279
GBP/USD,2026-09-13 05:00:00+00:00,1.35276,1.35286
GBP/USD,2026-09-13 09:00:00+00:00,1.35283,1.3528
GBP/USD,2026-09-13 13:00:00+00:00,1.35281,1.35311
GBP/USD,2026-09-13 17:00:00+00:00,1.35312,1.35303
GBP/USD,2026-09-13 21:00:00+00:00,1.35302,1.35261
GBP/USD,2026-09-14 01:00:00+00:00,1.35258,1.35171
GBP/USD,2026-09-14 05:00:00+00:00,1.35176,1.35031
NZD/USD,2026-08-27 01:00:00+00:00,0.5944,0.59479
NZD/USD,2026-08-27 05:00:00+00:00,0.59472,0.59518
NZD/USD,2026-08-27 09:00:00+00:00,0.59517,0.59431
NZD/USD,2026-08-27 17:00:00+00:00,0.59475,0.59511
NZD/USD,2026-08-27 21:00:00+00:00,0.59512,0.59508
NZD/USD,2026-08-28 05:00:00+00:00,0.59557,0.59589
NZD/USD,2026-08-29 01:00:00+00:00,0.5913,0.59133
NZD/USD,2026-08-29 05:00:00+00:00,0.59131,0.59135
NZD/USD,2026-08-29 09:00:00+00:00,0.59134,0.59135
NZD/USD,2026-08-30 05:00:00+00:00,0.59133,0.59134
NZD/USD,2026-08-30 09:00:00+00:00,0.59133,0.59133
NZD/USD,2026-08-30 17:00:00+00:00,0.59134,0.59134
NZD/USD,2026-08-30 21:00:00+00:00,0.59134,0.59175
NZD/USD,2026-08-31 09:00:00+00:00,0.59196,0.59146
NZD/USD,2026-08-31 13:00:00+00:00,0.59145,0.59145
NZD/USD,2026-08-31 17:00:00+00:00,0.59142,0.59184
NZD/USD,2026-09-01 21:00:00+00:00,0.58923,0.58913
NZD/USD,2026-09-02 01:00:00+00:00,0.58912,0.58918
NZD/USD,2026-09-02 09:00:00+00:00,0.58299,0.58099
NZD/USD,2026-09-02 13:00:00+00:00,0.58104,0.58205
NZD/USD,2026-09-02 17:00:00+00:00,0.5821,0.58464
NZD/USD,2026-09-02 21:00:00+00:00,0.58467,0.58508
NZD/USD,2026-09-03 01:00:00+00:00,0.58506,0.58552
NZD/USD,2026-09-03 05:00:00+00:00,0.5855,0.58638
NZD/USD,2026-09-03 09:00:00+00:00,0.58639,0.58651
NZD/USD,2026-09-03 13:00:00+00:00,0.58647,0.58803
NZD/USD,2026-09-03 17:00:00+00:00,0.5881,0.58904
NZD/USD,2026-09-03 21:00:00+00:00,0.58906,0.58818
NZD/USD,2026-09-04 05:00:00+00:00,0.58935,0.58958
NZD/USD,2026-09-04 09:00:00+00:00,0.58958,0.58827
NZD/USD,2026-09-04 13:00:00+00:00,0.58829,0.587
NZD/USD,2026-09-04 17:00:00+00:00,0.5869,0.58896
NZD/USD,2026-09-05 05:00:00+00:00,0.58803,0.58804
NZD/USD,2026-09-05 09:00:00+00:00,0.58804,0.58798
NZD/USD,2026-09-05 13:00:00+00:00,0.58798,0.58799
NZD/USD,2026-09-05 17:00:00+00:00,0.58799,0.58799
NZD/USD,2026-09-09 05:00:00+00:00,0.58614,0.58563
NZD/USD,2026-09-09 09:00:00+00:00,0.5856,0.58437
NZD/USD,2026-09-09 21:00:00+00:00,0.58417,0.58384
NZD/USD,2026-09-10 01:00:00+00:00,0.58383,0.58463
NZD/USD,2026-09-10 09:00:00+00:00,0.58479,0.58457
NZD/USD,2026-09-10 21:00:00+00:00,0.58051,0.57964
NZD/USD,2026-09-11 01:00:00+00:00,0.57962,0.58141
NZD/USD,2026-09-11 09:00:00+00:00,0.58267,0.58236
NZD/USD,2026-09-11 13:00:00+00:00,0.58239,0.58264
NZD/USD,2026-09-11 17:00:00+00:00,0.58254,0.58167
NZD/USD,2026-09-11 21:00:00+00:00,0.58163,0.58135
NZD/USD,2026-09-12 01:00:00+00:00,0.58134,0.58136
NZD/USD,2026-09-12 05:00:00+00:00,0.58135,0.58136
NZD/USD,2026-09-12 09:00:00+00:00,0.58135,0.58134
NZD/USD,2026-09-12 13:00:00+00:00,0.58135,0.58135
NZD/USD,2026-09-12 17:00:00+00:00,0.58135,0.58136
NZD/USD,2026-09-12 21:00:00+00:00,0.58135,0.58136
NZD/USD,2026-09-13 01:00:00+00:00,0.58135,0.58136
NZD/USD,2026-09-13 05:00:00+00:00,0.58135,0.58135
NZD/USD,2026-09-13 09:00:00+00:00,0.58135,0.58135
NZD/USD,2026-09-13 13:00:00+00:00,0.58135,0.58136
NZD/USD,2026-09-13 17:00:00+00:00,0.58136,0.58184
NZD/USD,2026-09-13 21:00:00+00:00,0.58183,0.58222
NZD/USD,2026-09-14 01:00:00+00:00,0.5822,0.57992
NZD/USD,2026-09-14 05:00:00+00:00,0.58002,0.57843
USD/CAD,2026-08-27 01:00:00+00:00,1.38761,1.38733
USD/CAD,2026-08-27 05:00:00+00:00,1.38736,1.38816
USD/CAD,2026-08-27 09:00:00+00:00,1.38813,1.388
USD/CAD,2026-08-27 17:00:00+00:00,1.38719,1.38574
USD/CAD,2026-08-27 21:00:00+00:00,1.38575,1.38558
USD/CAD,2026-08-28 05:00:00+00:00,1.38492,1.38535
USD/CAD,2026-08-29 01:00:00+00:00,1.39055,1.39039
USD/CAD,2026-08-29 05:00:00+00:00,1.39036,1.39041
USD/CAD,2026-08-29 09:00:00+00:00,1.39037,1.39036
USD/CAD,2026-08-30 05:00:00+00:00,1.39057,1.39067
USD/CAD,2026-08-30 09:00:00+00:00,1.39064,1.39071
USD/CAD,2026-08-30 17:00:00+00:00,1.39017,1.38981
USD/CAD,2026-08-30 21:00:00+00:00,1.38982,1.39074
USD/CAD,2026-08-31 09:00:00+00:00,1.389,1.38996
USD/CAD,2026-08-31 13:00:00+00:00,1.38998,1.38804
USD/CAD,2026-08-31 17:00:00+00:00,1.38808,1.386
USD/CAD,2026-09-01 21:00:00+00:00,1.3905,1.3897
USD/CAD,2026-09-02 01:00:00+00:00,1.38969,1.39
USD/CAD,2026-09-02 09:00:00+00:00,1.39215,1.39356
USD/CAD,2026-09-02 13:00:00+00:00,1.39357,1.39166
USD/CAD,2026-09-02 17:00:00+00:00,1.39161,1.38457
USD/CAD,2026-09-02 21:00:00+00:00,1.38454,1.3845
USD/CAD,2026-09-03 01:00:00+00:00,1.38449,1.38388
USD/CAD,2026-09-03 05:00:00+00:00,1.38384,1.38329
USD/CAD,2026-09-03 09:00:00+00:00,1.38327,1.38044
USD/CAD,2026-09-03 13:00:00+00:00,1.38048,1.37929
USD/CAD,2026-09-03 17:00:00+00:00,1.37934,1.37671
USD/CAD,2026-09-03 21:00:00+00:00,1.37682,1.37934
USD/CAD,2026-09-04 05:00:00+00:00,1.37878,1.37917
USD/CAD,2026-09-04 09:00:00+00:00,1.37914,1.38012
USD/CAD,2026-09-04 13:00:00+00:00,1.38017,1.38711
USD/CAD,2026-09-04 17:00:00+00:00,1.38705,1.38369
USD/CAD,2026-09-05 05:00:00+00:00,1.38359,1.38361
USD/CAD,2026-09-05 09:00:00+00:00,1.38359,1.38361
USD/CAD,2026-09-05 13:00:00+00:00,1.3836,1.38364
USD/CAD,2026-09-05 17:00:00+00:00,1.3836,1.38359
USD/CAD,2026-09-09 05:00:00+00:00,1.37761,1.37731
USD/CAD,2026-09-09 09:00:00+00:00,1.37733,1.37792
USD/CAD,2026-09-09 21:00:00+00:00,1.38067,1.38054
USD/CAD,2026-09-10 01:00:00+00:00,1.38051,1.38064
USD/CAD,2026-09-10 09:00:00+00:00,1.38082,1.38051
USD/CAD,2026-09-10 21:00:00+00:00,1.3817,1.38334
USD/CAD,2026-09-11 01:00:00+00:00,1.38337,1.3836
USD/CAD,2026-09-11 09:00:00+00:00,1.38406,1.38475
USD/CAD,2026-09-11 13:00:00+00:00,1.38472,1.3866
USD/CAD,2026-09-11 17:00:00+00:00,1.38658,1.38642
USD/CAD,2026-09-11 21:00:00+00:00,1.38643,1.38725
USD/CAD,2026-09-12 01:00:00+00:00,1.38722,1.38708
USD/CAD,2026-09-12 05:00:00+00:00,1.38706,1.38712
USD/CAD,2026-09-12 09:00:00+00:00,1.38712,1.38711
USD/CAD,2026-09-12 13:00:00+00:00,1.38708,1.38661
USD/CAD,2026-09-12 17:00:00+00:00,1.38671,1.38669
USD/CAD,2026-09-12 21:00:00+00:00,1.38669,1.38697
USD/CAD,2026-09-13 01:00:00+00:00,1.38693,1.38701
USD/CAD,2026-09-13 05:00:00+00:00,1.38698,1.3868
USD/CAD,2026-09-13 09:00:00+00:00,1.38677,1.38674
USD/CAD,2026-09-13 13:00:00+00:00,1.38674,1.38461
USD/CAD,2026-09-13 17:00:00+00:00,1.38462,1.38562
USD/CAD,2026-09-13 21:00:00+00:00,1.38561,1.38701
USD/CAD,2026-09-14 01:00:00+00:00,1.38699,1.38687
USD/CAD,2026-09-14 05:00:00+00:00,1.38681,1.38749
USD/CHF,2026-08-27 01:00:00+00:00,0.80529,0.8053
USD/CHF,2026-08-27 05:00:00+00:00,0.80528,0.80555
USD/CHF,2026-08-27 09:00:00+00:00,0.80549,0.80558
USD/CHF,2026-08-27 17:00:00+00:00,0.80487,0.80398
USD/CHF,2026-08-27 21:00:00+00:00,0.80395,0.80423
USD/CHF,2026-08-28 05:00:00+00:00,0.80403,0.805
USD/CHF,2026-08-29 01:00:00+00:00,0.80943,0.80808
USD/CHF,2026-08-29 05:00:00+00:00,0.80806,0.80807
USD/CHF,2026-08-29 09:00:00+00:00,0.80806,0.80806
USD/CHF,2026-08-30 05:00:00+00:00,0.80874,0.80939
USD/CHF,2026-08-30 09:00:00+00:00,0.80937,0.80945
USD/CHF,2026-08-30 17:00:00+00:00,0.80887,0.80856
USD/CHF,2026-08-30 21:00:00+00:00,0.80856,0.80926
USD/CHF,2026-08-31 09:00:00+00:00,0.80923,0.80886
USD/CHF,2026-08-31 13:00:00+00:00,0.80887,0.80847
USD/CHF,2026-08-31 17:00:00+00:00,0.80849,0.80826
USD/CHF,2026-09-01 21:00:00+00:00,0.81231,0.81163
USD/CHF,2026-09-02 01:00:00+00:00,0.81156,0.81252
USD/CHF,2026-09-02 09:00:00+00:00,0.81324,0.81498
USD/CHF,2026-09-02 13:00:00+00:00,0.81495,0.81489
USD/CHF,2026-09-02 17:00:00+00:00,0.81485,0.81309
USD/CHF,2026-09-02 21:00:00+00:00,0.81305,0.81298
USD/CHF,2026-09-03 01:00:00+00:00,0.81296,0.81267
USD/CHF,2026-09-03 05:00:00+00:00,0.81266,0.81195
USD/CHF,2026-09-03 09:00:00+00:00,0.81195,0.80886
USD/CHF,2026-09-03 13:00:00+00:00,0.80888,0.80701
USD/CHF,2026-09-03 17:00:00+00:00,0.80705,0.80569
USD/CHF,2026-09-03 21:00:00+00:00,0.80564,0.80763
USD/CHF,2026-09-04 05:00:00+00:00,0.80757,0.80799
USD/CHF,2026-09-04 09:00:00+00:00,0.80796,0.80878
USD/CHF,2026-09-04 13:00:00+00:00,0.80872,0.81126
USD/CHF,2026-09-04 17:00:00+00:00,0.81132,0.8093
USD/CHF,2026-09-05 05:00:00+00:00,0.80967,0.80969
USD/CHF,2026-09-05 09:00:00+00:00,0.80967,0.80967
USD/CHF,2026-09-05 13:00:00+00:00,0.80967,0.80977
USD/CHF,2026-09-05 17:00:00+00:00,0.80978,0.80973
USD/CHF,2026-09-09 05:00:00+00:00,0.80896,0.80873
USD/CHF,2026-09-09 09:00:00+00:00,0.80875,0.80958
USD/CHF,2026-09-09 21:00:00+00:00,0.80992,0.81027
USD/CHF,2026-09-10 01:00:00+00:00,0.81024,0.81017
USD/CHF,2026-09-10 09:00:00+00:00,0.80937,0.81026
USD/CHF,2026-09-10 21:00:00+00:00,0.81226,0.81297
USD/CHF,2026-09-11 01:00:00+00:00,0.81304,0.81306
USD/CHF,2026-09-11 09:00:00+00:00,0.81345,0.81434
USD/CHF,2026-09-11 13:00:00+00:00,0.8143,0.81449
USD/CHF,2026-09-11 17:00:00+00:00,0.81445,0.81611
USD/CHF,2026-09-11 21:00:00+00:00,0.8161,0.81645
USD/CHF,2026-09-12 01:00:00+00:00,0.81645,0.81652
USD/CHF,2026-09-12 05:00:00+00:00,0.81651,0.81651
USD/CHF,2026-09-12 09:00:00+00:00,0.81651,0.8165
USD/CHF,2026-09-12 13:00:00+00:00,0.81651,0.81645
USD/CHF,2026-09-12 17:00:00+00:00,0.81645,0.81649
USD/CHF,2026-09-12 21:00:00+00:00,0.81648,0.8165
USD/CHF,2026-09-13 01:00:00+00:00,0.81648,0.81651
USD/CHF,2026-09-13 05:00:00+00:00,0.81649,0.81647
USD/CHF,2026-09-13 09:00:00+00:00,0.81647,0.81646
USD/CHF,2026-09-13 13:00:00+00:00,0.81646,0.81628
USD/CHF,2026-09-13 17:00:00+00:00,0.81628,0.81634
USD/CHF,2026-09-13 21:00:00+00:00,0.81633,0.81648
USD/CHF,2026-09-14 01:00:00+00:00,0.81646,0.81739
USD/CHF,2026-09-14 05:00:00+00:00,0.81732,0.81824
USD/JPY,2026-08-27 01:00:00+00:00,159.31659,159.19352
USD/JPY,2026-08-27 05:00:00+00:00,159.1918,159.38079
USD/JPY,2026-08-27 09:00:00+00:00,159.37805,159.31565
USD/JPY,2026-08-27 17:00:00+00:00,159.42046,159.30056
USD/JPY,2026-08-27 21:00:00+00:00,159.29825,159.41185
USD/JPY,2026-08-28 05:00:00+00:00,159.36357,159.51539
USD/JPY,2026-08-29 01:00:00+00:00,160.10921,160.10283
USD/JPY,2026-08-29 05:00:00+00:00,160.10346,160.10514
USD/JPY,2026-08-29 09:00:00+00:00,160.10347,160.10698
USD/JPY,2026-08-30 05:00:00+00:00,160.10083,160.08135
USD/JPY,2026-08-30 09:00:00+00:00,160.07944,160.10704
USD/JPY,2026-08-30 17:00:00+00:00,160.1035,160.10701
USD/JPY,2026-08-30 21:00:00+00:00,160.10345,160.06593
USD/JPY,2026-08-31 09:00:00+00:00,159.79539,159.74467
USD/JPY,2026-08-31 13:00:00+00:00,159.74021,159.87333
USD/JPY,2026-08-31 17:00:00+00:00,159.86817,159.69229
USD/JPY,2026-09-01 21:00:00+00:00,160.16907,160.19861
USD/JPY,2026-09-02 01:00:00+00:00,160.19916,160.28153
USD/JPY,2026-09-02 09:00:00+00:00,160.099,159.84452
USD/JPY,2026-09-02 13:00:00+00:00,159.83644,159.60838
USD/JPY,2026-09-02 17:00:00+00:00,159.61071,158.82264
USD/JPY,2026-09-02 21:00:00+00:00,158.83008,158.72699
USD/JPY,2026-09-03 01:00:00+00:00,158.72599,158.70664
USD/JPY,2026-09-03 05:00:00+00:00,158.69562,157.71698
USD/JPY,2026-09-03 09:00:00+00:00,157.73312,156.65334
USD/JPY,2026-09-03 13:00:00+00:00,156.65633,155.54482
USD/JPY,2026-09-03 17:00:00+00:00,155.54002,155.3423
USD/JPY,2026-09-03 21:00:00+00:00,155.32692,155.8121
USD/JPY,2026-09-04 05:00:00+00:00,155.6453,156.35477
USD/JPY,2026-09-04 09:00:00+00:00,156.35149,156.41796
USD/JPY,2026-09-04 13:00:00+00:00,156.4053,155.73715
USD/JPY,2026-09-04 17:00:00+00:00,155.80037,156.08895
USD/JPY,2026-09-05 05:00:00+00:00,156.23407,156.23283
USD/JPY,2026-09-05 09:00:00+00:00,156.234,156.23389
USD/JPY,2026-09-05 13:00:00+00:00,156.23402,156.23965
USD/JPY,2026-09-05 17:00:00+00:00,156.23753,156.23818
USD/JPY,2026-09-09 05:00:00+00:00,153.60701,153.44397
USD/JPY,2026-09-09 09:00:00+00:00,153.44365,153.66437
USD/JPY,2026-09-09 21:00:00+00:00,153.56163,153.5536
USD/JPY,2026-09-10 01:00:00+00:00,153.5543,153.67391
USD/JPY,2026-09-10 09:00:00+00:00,153.47676,153.63921
USD/JPY,2026-09-10 21:00:00+00:00,154.31005,154.49485
USD/JPY,2026-09-11 01:00:00+00:00,154.48598,154.56094
USD/JPY,2026-09-11 09:00:00+00:00,154.33327,154.10334
USD/JPY,2026-09-11 13:00:00+00:00,154.09955,153.51878
USD/JPY,2026-09-11 17:00:00+00:00,153.55283,153.71477
USD/JPY,2026-09-11 21:00:00+00:00,153.71518,153.52682
USD/JPY,2026-09-12 01:00:00+00:00,153.51533,153.5698
USD/JPY,2026-09-12 05:00:00+00:00,153.5675,153.56977
USD/JPY,2026-09-12 09:00:00+00:00,153.56631,153.56859
USD/JPY,2026-09-12 13:00:00+00:00,153.56613,153.57309
USD/JPY,2026-09-12 17:00:00+00:00,153.5696,153.56672
USD/JPY,2026-09-12 21:00:00+00:00,153.56786,153.5706
USD/JPY,2026-09-13 01:00:00+00:00,153.56871,153.57034
USD/JPY,2026-09-13 05:00:00+00:00,153.56788,153.57234
USD/JPY,2026-09-13 09:00:00+00:00,153.56889,153.56958
USD/JPY,2026-09-13 13:00:00+00:00,153.5675,153.49938
USD/JPY,2026-09-13 17:00:00+00:00,153.47779,152.87441
USD/JPY,2026-09-13 21:00:00+00:00,152.87481,153.58473
USD/JPY,2026-09-14 01:00:00+00:00,153.5839,153.74565
USD/JPY,2026-09-14 05:00:00+00:00,153.72605,154.03202
