pair,previous_price,latest_price
AUD/CAD,0.9110,0.9165
AUD/CHF,0.5880,0.5921
AUD/EUR,0.6154,0.6177
AUD/GBP,0.5198,0.5211
AUD/JPY,96.30,96.95
AUD/NZD,1.0850,1.0910
AUD/USD,0.6650,0.6695
CAD/CHF,0.6450,0.6445
CAD/EUR,0.6770,0.6764
CAD/GBP,0.5718,0.5712
CAD/JPY,105.70,105.75
CAD/NZD,0.9217,0.9209
CAD/USD,0.7299,0.7305
CHF/EUR,1.0471,1.0515
CHF/GBP,0.8850,0.8897
CHF/JPY,163.80,163.70
CHF/NZD,1.8440,1.8500
CHF/USD,1.1350,1.1403
EUR/GBP,0.8450,0.8455
EUR/JPY,172.10,172.05
EUR/NZD,1.7680,1.7670
EUR/USD,1.0840,1.0835
GBP/JPY,203.60,203.50
GBP/NZD,2.0920,2.0900
GBP/USD,1.2820,1.2810
JPY/NZD,0.01126,0.01125
JPY/USD,0.00630,0.00630
NZD/USD,0.6120,0.6115