snapshot_id,captured_at_utc,engine_version,source,pair,fx_previous_close_timestamp_utc,fx_latest_close_timestamp_utc,previous_close,latest_close,return_pct,timestamps_match,closed_bar_valid,data_status,record_note
fxsrc_20260820T045238Z_0bdab6ae,2026-08-20T04:52:38Z,m1.6c1_research_fx_d1_v1,Twelve Data,AUD/USD,2026-08-18T00:00:00Z,2026-08-19T00:00:00Z,0.7086100000,0.7125400000,0.5546069065,true,true,CLOSED_VALID,
fxsrc_20260820T045238Z_0bdab6ae,2026-08-20T04:52:38Z,m1.6c1_research_fx_d1_v1,Twelve Data,EUR/USD,2026-08-18T00:00:00Z,2026-08-19T00:00:00Z,1.1576900000,1.1678000000,0.8732907773,true,true,CLOSED_VALID,
fxsrc_20260820T045238Z_0bdab6ae,2026-08-20T04:52:38Z,m1.6c1_research_fx_d1_v1,Twelve Data,GBP/USD,2026-08-18T00:00:00Z,2026-08-19T00:00:00Z,1.3532400000,1.3607100000,0.5520085129,true,true,CLOSED_VALID,
fxsrc_20260820T045238Z_0bdab6ae,2026-08-20T04:52:38Z,m1.6c1_research_fx_d1_v1,Twelve Data,NZD/USD,2026-08-18T00:00:00Z,2026-08-19T00:00:00Z,0.5874800000,0.5935600000,1.0349288486,true,true,CLOSED_VALID,
fxsrc_20260820T045238Z_0bdab6ae,2026-08-20T04:52:38Z,m1.6c1_research_fx_d1_v1,Twelve Data,USD/CAD,2026-08-18T00:00:00Z,2026-08-19T00:00:00Z,1.3896200000,1.3807400000,-0.6390236180,true,true,CLOSED_VALID,
fxsrc_20260820T045238Z_0bdab6ae,2026-08-20T04:52:38Z,m1.6c1_research_fx_d1_v1,Twelve Data,USD/CHF,2026-08-18T00:00:00Z,2026-08-19T00:00:00Z,0.8124100000,0.7972500000,-1.8660528551,true,true,CLOSED_VALID,
fxsrc_20260820T045238Z_0bdab6ae,2026-08-20T04:52:38Z,m1.6c1_research_fx_d1_v1,Twelve Data,USD/JPY,2026-08-18T00:00:00Z,2026-08-19T00:00:00Z,159.6242900000,158.1578400000,-0.9186885029,true,true,CLOSED_VALID,
fxsrc_20260820T090528Z_fcb08442,2026-08-20T09:05:28Z,m1.6c1_research_fx_d1_v1,Twelve Data,AUD/USD,2026-08-18T00:00:00Z,2026-08-19T00:00:00Z,0.7086100000,0.7125400000,0.5546069065,true,true,CLOSED_VALID,
fxsrc_20260820T090528Z_fcb08442,2026-08-20T09:05:28Z,m1.6c1_research_fx_d1_v1,Twelve Data,EUR/USD,2026-08-18T00:00:00Z,2026-08-19T00:00:00Z,1.1576900000,1.1678000000,0.8732907773,true,true,CLOSED_VALID,
fxsrc_20260820T090528Z_fcb08442,2026-08-20T09:05:28Z,m1.6c1_research_fx_d1_v1,Twelve Data,GBP/USD,2026-08-18T00:00:00Z,2026-08-19T00:00:00Z,1.3532400000,1.3607100000,0.5520085129,true,true,CLOSED_VALID,
fxsrc_20260820T090528Z_fcb08442,2026-08-20T09:05:28Z,m1.6c1_research_fx_d1_v1,Twelve Data,NZD/USD,2026-08-18T00:00:00Z,2026-08-19T00:00:00Z,0.5874800000,0.5935600000,1.0349288486,true,true,CLOSED_VALID,
fxsrc_20260820T090528Z_fcb08442,2026-08-20T09:05:28Z,m1.6c1_research_fx_d1_v1,Twelve Data,USD/CAD,2026-08-18T00:00:00Z,2026-08-19T00:00:00Z,1.3896200000,1.3807400000,-0.6390236180,true,true,CLOSED_VALID,
fxsrc_20260820T090528Z_fcb08442,2026-08-20T09:05:28Z,m1.6c1_research_fx_d1_v1,Twelve Data,USD/CHF,2026-08-18T00:00:00Z,2026-08-19T00:00:00Z,0.8124100000,0.7972500000,-1.8660528551,true,true,CLOSED_VALID,
fxsrc_20260820T090528Z_fcb08442,2026-08-20T09:05:28Z,m1.6c1_research_fx_d1_v1,Twelve Data,USD/JPY,2026-08-18T00:00:00Z,2026-08-19T00:00:00Z,159.6242900000,158.1578400000,-0.9186885029,true,true,CLOSED_VALID,
