signal_id,horizon,signal_time,pair,timeframe,signal,score_diff,entry_price,target_time_utc,exit_price,return_pct,result,status,source,evaluated_at_utc
bcda6b8851c61a12,1H,2026-08-07T12:00:00+00:00,EUR/USD,H1,LONG,0.00777550049823314,1.1572000000,2026-08-07T13:00:00+00:00,1.1572000000,0.000000,FLAT,COMPLETED,api,2026-08-13T16:35:45.548652+00:00
bcda6b8851c61a12,24H,2026-08-07T12:00:00+00:00,EUR/USD,H1,LONG,0.00777550049823314,1.1572000000,2026-08-08T12:00:00+00:00,1.1559100000,-0.111476,LOSS,COMPLETED,legacy_journal,2026-08-13T16:35:43.897988+00:00
bcda6b8851c61a12,4H,2026-08-07T12:00:00+00:00,EUR/USD,H1,LONG,0.00777550049823314,1.1572000000,2026-08-07T16:00:00+00:00,1.1560400000,-0.100242,LOSS,COMPLETED,legacy_journal,2026-08-13T16:35:43.897018+00:00
d1a9f0e8c5845e4c,1H,2026-08-07T12:00:00+00:00,GBP/USD,H1,LONG,0.00813030031345214,1.3499100000,2026-08-07T13:00:00+00:00,1.3499100000,0.000000,FLAT,COMPLETED,api,2026-08-13T16:35:45.548665+00:00
d1a9f0e8c5845e4c,24H,2026-08-07T12:00:00+00:00,GBP/USD,H1,LONG,0.00813030031345214,1.3499100000,2026-08-08T12:00:00+00:00,1.3492000000,-0.052596,LOSS,COMPLETED,legacy_journal,2026-08-13T16:35:43.899190+00:00
d1a9f0e8c5845e4c,4H,2026-08-07T12:00:00+00:00,GBP/USD,H1,LONG,0.00813030031345214,1.3499100000,2026-08-07T16:00:00+00:00,1.3497200000,-0.014075,LOSS,COMPLETED,legacy_journal,2026-08-13T16:35:43.898908+00:00
0d0710e300bf7226,1H,2026-08-07T12:00:00+00:00,NZD/USD,H1,LONG,0.00903504473320204,0.5898100000,2026-08-07T13:00:00+00:00,0.5898100000,0.000000,FLAT,COMPLETED,api,2026-08-13T16:35:45.548671+00:00
0d0710e300bf7226,24H,2026-08-07T12:00:00+00:00,NZD/USD,H1,LONG,0.00903504473320204,0.5898100000,2026-08-08T12:00:00+00:00,0.5894500000,-0.061037,LOSS,COMPLETED,legacy_journal,2026-08-13T16:35:43.900509+00:00
0d0710e300bf7226,4H,2026-08-07T12:00:00+00:00,NZD/USD,H1,LONG,0.00903504473320204,0.5898100000,2026-08-07T16:00:00+00:00,0.5890200000,-0.133941,LOSS,COMPLETED,legacy_journal,2026-08-13T16:35:43.900049+00:00
065ab07b01080dae,1H,2026-08-07T12:00:00+00:00,USD/CHF,H1,SHORT,-0.00827949575656994,0.8072200000,2026-08-07T13:00:00+00:00,0.8072200000,-0.000000,FLAT,COMPLETED,api,2026-08-13T16:35:45.548675+00:00
065ab07b01080dae,24H,2026-08-07T12:00:00+00:00,USD/CHF,H1,SHORT,-0.00827949575656994,0.8072200000,2026-08-08T12:00:00+00:00,0.8078600000,-0.079284,LOSS,COMPLETED,legacy_journal,2026-08-13T16:35:43.902794+00:00
065ab07b01080dae,4H,2026-08-07T12:00:00+00:00,USD/CHF,H1,SHORT,-0.00827949575656994,0.8072200000,2026-08-07T16:00:00+00:00,0.8077700000,-0.068135,LOSS,COMPLETED,legacy_journal,2026-08-13T16:35:43.902304+00:00
2e40af154195275a,1H,2026-08-07T12:00:00+00:00,USD/JPY,H1,SHORT,-0.01045764789099014,157.3730100000,2026-08-07T13:00:00+00:00,157.3730100000,-0.000000,FLAT,COMPLETED,api,2026-08-13T16:35:45.548678+00:00
2e40af154195275a,24H,2026-08-07T12:00:00+00:00,USD/JPY,H1,SHORT,-0.01045764789099014,157.3730100000,2026-08-08T12:00:00+00:00,157.8258400000,-0.287743,LOSS,COMPLETED,legacy_journal,2026-08-13T16:35:43.904316+00:00
2e40af154195275a,4H,2026-08-07T12:00:00+00:00,USD/JPY,H1,SHORT,-0.01045764789099014,157.3730100000,2026-08-07T16:00:00+00:00,157.5563500000,-0.116500,LOSS,COMPLETED,legacy_journal,2026-08-13T16:35:43.903957+00:00
09ff25b0dd12b7eb,1H,2026-08-07T16:00:00+00:00,USD/JPY,H1,SHORT,-0.0006431192199280261,157.4642500000,2026-08-07T17:00:00+00:00,157.4642500000,-0.000000,FLAT,COMPLETED,api,2026-08-13T16:35:45.548682+00:00
09ff25b0dd12b7eb,24H,2026-08-07T16:00:00+00:00,USD/JPY,H1,SHORT,-0.0006431192199280261,157.4642500000,2026-08-08T16:00:00+00:00,157.8230200000,-0.227842,LOSS,COMPLETED,legacy_journal,2026-08-13T16:35:43.906270+00:00
09ff25b0dd12b7eb,4H,2026-08-07T16:00:00+00:00,USD/JPY,H1,SHORT,-0.0006431192199280261,157.4642500000,2026-08-07T20:00:00+00:00,157.5657000000,-0.064427,LOSS,COMPLETED,legacy_journal,2026-08-13T16:35:43.905523+00:00
5c3e4eabab77a99c,1H,2026-08-07T18:00:00+00:00,USD/CHF,H1,SHORT,-0.00051451333091226,0.8074100000,2026-08-07T19:00:00+00:00,0.8074100000,-0.000000,FLAT,COMPLETED,api,2026-08-13T16:35:45.548685+00:00
5c3e4eabab77a99c,24H,2026-08-07T18:00:00+00:00,USD/CHF,H1,SHORT,-0.00051451333091226,0.8074100000,2026-08-08T18:00:00+00:00,0.8077700000,-0.044587,LOSS,COMPLETED,legacy_journal,2026-08-13T16:35:43.908048+00:00
5c3e4eabab77a99c,4H,2026-08-07T18:00:00+00:00,USD/CHF,H1,SHORT,-0.00051451333091226,0.8074100000,2026-08-07T22:00:00+00:00,0.8079100000,-0.061926,LOSS,COMPLETED,legacy_journal,2026-08-13T16:35:43.907679+00:00
b86fd60ecfad8847,1H,2026-08-10T09:00:00+00:00,EUR/USD,H1,SHORT,-0.0008313393135853399,1.1558000000,2026-08-10T10:00:00+00:00,1.1558000000,-0.000000,FLAT,COMPLETED,api,2026-08-13T16:35:45.548691+00:00
b86fd60ecfad8847,24H,2026-08-10T09:00:00+00:00,EUR/USD,H1,SHORT,-0.0008313393135853399,1.1558000000,2026-08-11T09:00:00+00:00,1.1536500000,0.186018,WIN,COMPLETED,legacy_journal,2026-08-13T16:35:43.909451+00:00
b86fd60ecfad8847,4H,2026-08-10T09:00:00+00:00,EUR/USD,H1,SHORT,-0.0008313393135853399,1.1558000000,2026-08-10T13:00:00+00:00,1.1548300000,0.083925,WIN,COMPLETED,legacy_journal,2026-08-13T16:35:43.909112+00:00
7424cf32b4502606,1H,2026-08-10T09:00:00+00:00,GBP/USD,H1,SHORT,-0.00097416229803564,1.3496300000,2026-08-10T10:00:00+00:00,1.3496300000,-0.000000,FLAT,COMPLETED,api,2026-08-13T16:35:45.548694+00:00
7424cf32b4502606,24H,2026-08-10T09:00:00+00:00,GBP/USD,H1,SHORT,-0.00097416229803564,1.3496300000,2026-08-11T09:00:00+00:00,1.3504300000,-0.059276,LOSS,COMPLETED,legacy_journal,2026-08-13T16:35:43.910706+00:00
7424cf32b4502606,4H,2026-08-10T09:00:00+00:00,GBP/USD,H1,SHORT,-0.00097416229803564,1.3496300000,2026-08-10T13:00:00+00:00,1.3497100000,-0.005928,LOSS,COMPLETED,legacy_journal,2026-08-13T16:35:43.910385+00:00
4b69b287cc8a42cb,1H,2026-08-10T09:00:00+00:00,NZD/USD,H1,SHORT,-0.00079068566499984,0.5893900000,2026-08-10T10:00:00+00:00,0.5893900000,-0.000000,FLAT,COMPLETED,api,2026-08-13T16:35:45.548698+00:00
4b69b287cc8a42cb,24H,2026-08-10T09:00:00+00:00,NZD/USD,H1,SHORT,-0.00079068566499984,0.5893900000,2026-08-11T09:00:00+00:00,0.5871700000,0.376661,WIN,COMPLETED,legacy_journal,2026-08-13T16:35:43.911904+00:00
4b69b287cc8a42cb,4H,2026-08-10T09:00:00+00:00,NZD/USD,H1,SHORT,-0.00079068566499984,0.5893900000,2026-08-10T13:00:00+00:00,0.5884100000,0.166274,WIN,COMPLETED,legacy_journal,2026-08-13T16:35:43.911600+00:00
0f78b4d6ad5a66cf,1H,2026-08-10T09:00:00+00:00,USD/CHF,H1,LONG,0.00069573018958964,0.8083400000,2026-08-10T10:00:00+00:00,0.8083400000,0.000000,FLAT,COMPLETED,api,2026-08-13T16:35:45.548701+00:00
0f78b4d6ad5a66cf,24H,2026-08-10T09:00:00+00:00,USD/CHF,H1,LONG,0.00069573018958964,0.8083400000,2026-08-11T09:00:00+00:00,0.8111500000,0.347626,WIN,COMPLETED,legacy_journal,2026-08-13T16:35:43.913065+00:00
0f78b4d6ad5a66cf,4H,2026-08-10T09:00:00+00:00,USD/CHF,H1,LONG,0.00069573018958964,0.8083400000,2026-08-10T13:00:00+00:00,0.8093500000,0.124947,WIN,COMPLETED,legacy_journal,2026-08-13T16:35:43.912785+00:00
c444eb17dac9d274,1H,2026-08-10T09:00:00+00:00,USD/JPY,H1,LONG,0.00156186660546794,158.8534700000,2026-08-10T10:00:00+00:00,158.8534700000,0.000000,FLAT,COMPLETED,api,2026-08-13T16:35:45.548704+00:00
c444eb17dac9d274,24H,2026-08-10T09:00:00+00:00,USD/JPY,H1,LONG,0.00156186660546794,158.8534700000,2026-08-11T09:00:00+00:00,159.3582100000,0.317739,WIN,COMPLETED,legacy_journal,2026-08-13T16:35:43.914195+00:00
c444eb17dac9d274,4H,2026-08-10T09:00:00+00:00,USD/JPY,H1,LONG,0.00156186660546794,158.8534700000,2026-08-10T13:00:00+00:00,158.9457500000,0.058091,WIN,COMPLETED,legacy_journal,2026-08-13T16:35:43.913916+00:00
59c168d695cb8598,1H,2026-08-11T17:00:00+00:00,EUR/USD,H4,SHORT,-0.0005445320357481034,1.1539500000,2026-08-11T18:00:00+00:00,1.1537700000,0.015599,WIN,COMPLETED,api,2026-08-13T16:35:45.548717+00:00
59c168d695cb8598,24H,2026-08-11T17:00:00+00:00,EUR/USD,H4,SHORT,-0.0005445320357481034,1.1539500000,2026-08-12T17:00:00+00:00,1.1529000000,0.090992,WIN,COMPLETED,api,2026-08-13T16:35:45.548719+00:00
59c168d695cb8598,4H,2026-08-11T17:00:00+00:00,EUR/USD,H4,SHORT,-0.0005445320357481034,1.1539500000,2026-08-11T21:00:00+00:00,1.1543200000,-0.032064,LOSS,COMPLETED,legacy_journal,2026-08-13T16:35:43.916821+00:00
80509b315e1b3373,1H,2026-08-11T17:00:00+00:00,NZD/USD,H1,LONG,0.0005003372512815938,0.5882600000,2026-08-11T18:00:00+00:00,0.5880800000,-0.030599,LOSS,COMPLETED,api,2026-08-13T16:35:45.548707+00:00
80509b315e1b3373,24H,2026-08-11T17:00:00+00:00,NZD/USD,H1,LONG,0.0005003372512815938,0.5882600000,2026-08-12T17:00:00+00:00,0.5857200000,-0.431782,LOSS,COMPLETED,api,2026-08-13T16:35:45.548713+00:00
80509b315e1b3373,4H,2026-08-11T17:00:00+00:00,NZD/USD,H1,LONG,0.0005003372512815938,0.5882600000,2026-08-11T21:00:00+00:00,0.5880500000,-0.035699,LOSS,COMPLETED,api,2026-08-13T16:35:45.548710+00:00
45d114e7449df248,1H,2026-08-11T17:00:00+00:00,USD/CHF,H4,LONG,0.0010245547200408035,0.8112800000,2026-08-11T18:00:00+00:00,0.8118400000,0.069027,WIN,COMPLETED,api,2026-08-13T16:35:45.548723+00:00
45d114e7449df248,24H,2026-08-11T17:00:00+00:00,USD/CHF,H4,LONG,0.0010245547200408035,0.8112800000,2026-08-12T17:00:00+00:00,0.8128000000,0.187358,WIN,COMPLETED,api,2026-08-13T16:35:45.548726+00:00
45d114e7449df248,4H,2026-08-11T17:00:00+00:00,USD/CHF,H4,LONG,0.0010245547200408035,0.8112800000,2026-08-11T21:00:00+00:00,0.8109600000,-0.039444,LOSS,COMPLETED,legacy_journal,2026-08-13T16:35:43.918298+00:00
dd6dbe51d69dfa90,1H,2026-08-12T00:00:00+00:00,USD/CHF,D1,LONG,0.0009954739260153137,0.8109600000,2026-08-12T01:00:00+00:00,0.8114900000,0.065355,WIN,COMPLETED,api,2026-08-13T16:35:45.548857+00:00
dd6dbe51d69dfa90,24H,2026-08-12T00:00:00+00:00,USD/CHF,D1,LONG,0.0009954739260153137,0.8109600000,2026-08-13T00:00:00+00:00,0.8132700000,0.284848,WIN,COMPLETED,api,2026-08-13T16:35:45.548862+00:00
dd6dbe51d69dfa90,4H,2026-08-12T00:00:00+00:00,USD/CHF,D1,LONG,0.0009954739260153137,0.8109600000,2026-08-12T04:00:00+00:00,0.8122000000,0.152905,WIN,COMPLETED,api,2026-08-13T16:35:45.548860+00:00
73086ee4a49c850a,1H,2026-08-12T01:00:00+00:00,NZD/USD,H4,SHORT,-0.0009333713386218299,0.5877000000,2026-08-12T02:00:00+00:00,0.5872200000,0.081674,WIN,COMPLETED,api,2026-08-13T16:35:45.548764+00:00
73086ee4a49c850a,24H,2026-08-12T01:00:00+00:00,NZD/USD,H4,SHORT,-0.0009333713386218299,0.5877000000,2026-08-13T01:00:00+00:00,0.5859400000,0.299473,WIN,COMPLETED,api,2026-08-13T16:35:45.548769+00:00
73086ee4a49c850a,4H,2026-08-12T01:00:00+00:00,NZD/USD,H4,SHORT,-0.0009333713386218299,0.5877000000,2026-08-12T05:00:00+00:00,0.5868300000,0.148035,WIN,COMPLETED,api,2026-08-13T16:35:45.548767+00:00
80851314e7d58bcb,1H,2026-08-12T01:00:00+00:00,USD/CHF,H4,LONG,0.0009747353223841298,0.8114900000,2026-08-12T02:00:00+00:00,0.8115700000,0.009858,WIN,COMPLETED,api,2026-08-13T16:35:45.548772+00:00
80851314e7d58bcb,24H,2026-08-12T01:00:00+00:00,USD/CHF,H4,LONG,0.0009747353223841298,0.8114900000,2026-08-13T01:00:00+00:00,0.8129800000,0.183613,WIN,COMPLETED,api,2026-08-13T16:35:45.548779+00:00
80851314e7d58bcb,4H,2026-08-12T01:00:00+00:00,USD/CHF,H4,LONG,0.0009747353223841298,0.8114900000,2026-08-12T05:00:00+00:00,0.8121700000,0.083796,WIN,COMPLETED,api,2026-08-13T16:35:45.548774+00:00
05dc36e78d2d6b1a,1H,2026-08-12T01:00:00+00:00,USD/JPY,H4,LONG,0.00054736208509813,159.3387400000,2026-08-12T02:00:00+00:00,159.3332000000,-0.003477,LOSS,COMPLETED,api,2026-08-13T16:35:45.548782+00:00
05dc36e78d2d6b1a,24H,2026-08-12T01:00:00+00:00,USD/JPY,H4,LONG,0.00054736208509813,159.3387400000,2026-08-13T01:00:00+00:00,159.3436600000,0.003088,WIN,COMPLETED,api,2026-08-13T16:35:45.548787+00:00
05dc36e78d2d6b1a,4H,2026-08-12T01:00:00+00:00,USD/JPY,H4,LONG,0.00054736208509813,159.3387400000,2026-08-12T05:00:00+00:00,159.4185100000,0.050063,WIN,COMPLETED,api,2026-08-13T16:35:45.548784+00:00
f64b61e50868517c,1H,2026-08-12T04:00:00+00:00,EUR/USD,H1,SHORT,-0.00045911999905934905,1.1535600000,2026-08-12T05:00:00+00:00,1.1536500000,-0.007802,LOSS,COMPLETED,api,2026-08-13T16:35:45.548729+00:00
f64b61e50868517c,24H,2026-08-12T04:00:00+00:00,EUR/USD,H1,SHORT,-0.00045911999905934905,1.1535600000,2026-08-13T04:00:00+00:00,1.1522500000,0.113561,WIN,COMPLETED,api,2026-08-13T16:35:45.548734+00:00
f64b61e50868517c,4H,2026-08-12T04:00:00+00:00,EUR/USD,H1,SHORT,-0.00045911999905934905,1.1535600000,2026-08-12T08:00:00+00:00,1.1537200000,-0.013870,LOSS,COMPLETED,api,2026-08-13T16:35:45.548732+00:00
2ebaa5250b6528ad,1H,2026-08-12T04:00:00+00:00,NZD/USD,H1,SHORT,-0.000626242441101849,0.5867100000,2026-08-12T05:00:00+00:00,0.5868300000,-0.020453,LOSS,COMPLETED,api,2026-08-13T16:35:45.548738+00:00
2ebaa5250b6528ad,24H,2026-08-12T04:00:00+00:00,NZD/USD,H1,SHORT,-0.000626242441101849,0.5867100000,2026-08-13T04:00:00+00:00,0.5831700000,0.603365,WIN,COMPLETED,api,2026-08-13T16:35:45.548743+00:00
2ebaa5250b6528ad,4H,2026-08-12T04:00:00+00:00,NZD/USD,H1,SHORT,-0.000626242441101849,0.5867100000,2026-08-12T08:00:00+00:00,0.5861300000,0.098856,WIN,COMPLETED,api,2026-08-13T16:35:45.548740+00:00
61129cba209ed8b2,1H,2026-08-12T04:00:00+00:00,USD/CHF,H1,LONG,0.000810474527932749,0.8122000000,2026-08-12T05:00:00+00:00,0.8121700000,-0.003694,LOSS,COMPLETED,api,2026-08-13T16:35:45.548746+00:00
61129cba209ed8b2,24H,2026-08-12T04:00:00+00:00,USD/CHF,H1,LONG,0.000810474527932749,0.8122000000,2026-08-13T04:00:00+00:00,0.8143000000,0.258557,WIN,COMPLETED,api,2026-08-13T16:35:45.548752+00:00
61129cba209ed8b2,4H,2026-08-12T04:00:00+00:00,USD/CHF,H1,LONG,0.000810474527932749,0.8122000000,2026-08-12T08:00:00+00:00,0.8125600000,0.044324,WIN,COMPLETED,api,2026-08-13T16:35:45.548749+00:00
469c061b91bb7d11,1H,2026-08-12T04:00:00+00:00,USD/JPY,H1,LONG,0.000453509063731949,159.4315200000,2026-08-12T05:00:00+00:00,159.4185100000,-0.008160,LOSS,COMPLETED,api,2026-08-13T16:35:45.548755+00:00
469c061b91bb7d11,24H,2026-08-12T04:00:00+00:00,USD/JPY,H1,LONG,0.000453509063731949,159.4315200000,2026-08-13T04:00:00+00:00,159.4426100000,0.006956,WIN,COMPLETED,api,2026-08-13T16:35:45.548761+00:00
469c061b91bb7d11,4H,2026-08-12T04:00:00+00:00,USD/JPY,H1,LONG,0.000453509063731949,159.4315200000,2026-08-12T08:00:00+00:00,159.3687600000,-0.039365,LOSS,COMPLETED,api,2026-08-13T16:35:45.548758+00:00
bf6c5ece19994180,1H,2026-08-12T13:00:00+00:00,EUR/USD,H4,LONG,0.0043281637687220195,1.1557300000,2026-08-12T14:00:00+00:00,1.1552900000,-0.038071,LOSS,COMPLETED,api,2026-08-13T16:35:45.548790+00:00
bf6c5ece19994180,24H,2026-08-12T13:00:00+00:00,EUR/USD,H4,LONG,0.0043281637687220195,1.1557300000,2026-08-13T13:00:00+00:00,1.1543500000,-0.119405,LOSS,COMPLETED,api,2026-08-13T16:35:45.548795+00:00
bf6c5ece19994180,4H,2026-08-12T13:00:00+00:00,EUR/USD,H4,LONG,0.0043281637687220195,1.1557300000,2026-08-12T17:00:00+00:00,1.1529000000,-0.244867,LOSS,COMPLETED,api,2026-08-13T16:35:45.548792+00:00
c39fe5b131f9af3c,1H,2026-08-12T13:00:00+00:00,GBP/USD,H4,LONG,0.00441170040129502,1.3534800000,2026-08-12T14:00:00+00:00,1.3526300000,-0.062801,LOSS,COMPLETED,api,2026-08-13T16:35:45.548798+00:00
c39fe5b131f9af3c,24H,2026-08-12T13:00:00+00:00,GBP/USD,H4,LONG,0.00441170040129502,1.3534800000,2026-08-13T13:00:00+00:00,1.3508400000,-0.195053,LOSS,COMPLETED,api,2026-08-13T16:35:45.548803+00:00
c39fe5b131f9af3c,4H,2026-08-12T13:00:00+00:00,GBP/USD,H4,LONG,0.00441170040129502,1.3534800000,2026-08-12T17:00:00+00:00,1.3497900000,-0.272631,LOSS,COMPLETED,api,2026-08-13T16:35:45.548801+00:00
752c5af368d14d63,1H,2026-08-12T13:00:00+00:00,NZD/USD,H4,LONG,0.0055883124119751205,0.5879200000,2026-08-12T14:00:00+00:00,0.5876700000,-0.042523,LOSS,COMPLETED,api,2026-08-13T16:35:45.548806+00:00
752c5af368d14d63,24H,2026-08-12T13:00:00+00:00,NZD/USD,H4,LONG,0.0055883124119751205,0.5879200000,2026-08-13T13:00:00+00:00,0.5853900000,-0.430331,LOSS,COMPLETED,api,2026-08-13T16:35:45.548812+00:00
752c5af368d14d63,4H,2026-08-12T13:00:00+00:00,NZD/USD,H4,LONG,0.0055883124119751205,0.5879200000,2026-08-12T17:00:00+00:00,0.5857200000,-0.374201,LOSS,COMPLETED,api,2026-08-13T16:35:45.548809+00:00
7ffd01314d8b2133,1H,2026-08-12T13:00:00+00:00,USD/CHF,H4,SHORT,-0.0058660950696499195,0.8100600000,2026-08-12T14:00:00+00:00,0.8111500000,-0.134558,LOSS,COMPLETED,api,2026-08-13T16:35:45.548814+00:00
7ffd01314d8b2133,24H,2026-08-12T13:00:00+00:00,USD/CHF,H4,SHORT,-0.0058660950696499195,0.8100600000,2026-08-13T13:00:00+00:00,0.8116700000,-0.198751,LOSS,COMPLETED,api,2026-08-13T16:35:45.548820+00:00
7ffd01314d8b2133,4H,2026-08-12T13:00:00+00:00,USD/CHF,H4,SHORT,-0.0058660950696499195,0.8100600000,2026-08-12T17:00:00+00:00,0.8128000000,-0.338247,LOSS,COMPLETED,api,2026-08-13T16:35:45.548817+00:00
2e1a40c73379c88f,1H,2026-08-12T13:00:00+00:00,USD/JPY,H4,SHORT,-0.0054918039310451194,158.8803200000,2026-08-12T14:00:00+00:00,159.0029400000,-0.077178,LOSS,COMPLETED,api,2026-08-13T16:35:45.548822+00:00
2e1a40c73379c88f,24H,2026-08-12T13:00:00+00:00,USD/JPY,H4,SHORT,-0.0054918039310451194,158.8803200000,2026-08-13T13:00:00+00:00,159.1937700000,-0.197287,LOSS,COMPLETED,api,2026-08-13T16:35:45.548827+00:00
2e1a40c73379c88f,4H,2026-08-12T13:00:00+00:00,USD/JPY,H4,SHORT,-0.0054918039310451194,158.8803200000,2026-08-12T17:00:00+00:00,159.3920700000,-0.322098,LOSS,COMPLETED,api,2026-08-13T16:35:45.548825+00:00
22b54039a92360fc,1H,2026-08-12T18:00:00+00:00,EUR/USD,H1,SHORT,-0.0011145534849820202,1.1522300000,2026-08-12T19:00:00+00:00,1.1520000000,0.019961,WIN,COMPLETED,api,2026-08-13T16:35:45.548830+00:00
22b54039a92360fc,24H,2026-08-12T18:00:00+00:00,EUR/USD,H1,SHORT,-0.0011145534849820202,1.1522300000,2026-08-13T18:00:00+00:00,,,,PENDING,api,
22b54039a92360fc,4H,2026-08-12T18:00:00+00:00,EUR/USD,H1,SHORT,-0.0011145534849820202,1.1522300000,2026-08-12T22:00:00+00:00,1.1523200000,-0.007811,LOSS,COMPLETED,api,2026-08-13T16:35:45.548833+00:00
b6841d74dae6d191,1H,2026-08-12T18:00:00+00:00,GBP/USD,H1,SHORT,-0.00083968831461742,1.3493700000,2026-08-12T19:00:00+00:00,1.3488500000,0.038537,WIN,COMPLETED,api,2026-08-13T16:35:45.548835+00:00
b6841d74dae6d191,24H,2026-08-12T18:00:00+00:00,GBP/USD,H1,SHORT,-0.00083968831461742,1.3493700000,2026-08-13T18:00:00+00:00,,,,PENDING,api,
b6841d74dae6d191,4H,2026-08-12T18:00:00+00:00,GBP/USD,H1,SHORT,-0.00083968831461742,1.3493700000,2026-08-12T22:00:00+00:00,1.3493700000,-0.000000,FLAT,COMPLETED,api,2026-08-13T16:35:45.548838+00:00
cca7e42e32450179,1H,2026-08-12T18:00:00+00:00,NZD/USD,H1,SHORT,-0.0008068518659817201,0.5855500000,2026-08-12T19:00:00+00:00,0.5855900000,-0.006831,LOSS,COMPLETED,api,2026-08-13T16:35:45.548841+00:00
cca7e42e32450179,24H,2026-08-12T18:00:00+00:00,NZD/USD,H1,SHORT,-0.0008068518659817201,0.5855500000,2026-08-13T18:00:00+00:00,,,,PENDING,api,
cca7e42e32450179,4H,2026-08-12T18:00:00+00:00,NZD/USD,H1,SHORT,-0.0008068518659817201,0.5855500000,2026-08-12T22:00:00+00:00,0.5857900000,-0.040987,LOSS,COMPLETED,api,2026-08-13T16:35:45.548843+00:00
fecac1226b03400f,1H,2026-08-12T18:00:00+00:00,USD/CHF,H1,LONG,0.00152264904769622,0.8136300000,2026-08-12T19:00:00+00:00,0.8138300000,0.024581,WIN,COMPLETED,api,2026-08-13T16:35:45.548846+00:00
fecac1226b03400f,24H,2026-08-12T18:00:00+00:00,USD/CHF,H1,LONG,0.00152264904769622,0.8136300000,2026-08-13T18:00:00+00:00,,,,PENDING,api,
fecac1226b03400f,4H,2026-08-12T18:00:00+00:00,USD/CHF,H1,LONG,0.00152264904769622,0.8136300000,2026-08-12T22:00:00+00:00,0.8134600000,-0.020894,LOSS,COMPLETED,api,2026-08-13T16:35:45.548849+00:00
730cba1124f88612,1H,2026-08-12T18:00:00+00:00,USD/JPY,H1,LONG,0.00122373787244082,159.5004700000,2026-08-12T19:00:00+00:00,159.5011200000,0.000408,WIN,COMPLETED,api,2026-08-13T16:35:45.548852+00:00
730cba1124f88612,24H,2026-08-12T18:00:00+00:00,USD/JPY,H1,LONG,0.00122373787244082,159.5004700000,2026-08-13T18:00:00+00:00,,,,PENDING,api,
730cba1124f88612,4H,2026-08-12T18:00:00+00:00,USD/JPY,H1,LONG,0.00122373787244082,159.5004700000,2026-08-12T22:00:00+00:00,159.4343200000,-0.041473,LOSS,COMPLETED,api,2026-08-13T16:35:45.548854+00:00
6b81aaf3fcca8d24,1H,2026-08-13T00:00:00+00:00,EUR/USD,D1,SHORT,-0.0036533795232641195,1.1524700000,2026-08-13T01:00:00+00:00,1.1528700000,-0.034708,LOSS,COMPLETED,api,2026-08-13T16:35:45.548944+00:00
6b81aaf3fcca8d24,24H,2026-08-13T00:00:00+00:00,EUR/USD,D1,SHORT,-0.0036533795232641195,1.1524700000,2026-08-14T00:00:00+00:00,,,,PENDING,api,
6b81aaf3fcca8d24,4H,2026-08-13T00:00:00+00:00,EUR/USD,D1,SHORT,-0.0036533795232641195,1.1524700000,2026-08-13T04:00:00+00:00,1.1522500000,0.019089,WIN,COMPLETED,api,2026-08-13T16:35:45.548946+00:00
1b8dae97f7af6d07,1H,2026-08-13T00:00:00+00:00,GBP/USD,D1,SHORT,-0.0029946272377902195,1.3495600000,2026-08-13T01:00:00+00:00,1.3497200000,-0.011856,LOSS,COMPLETED,api,2026-08-13T16:35:45.548949+00:00
1b8dae97f7af6d07,24H,2026-08-13T00:00:00+00:00,GBP/USD,D1,SHORT,-0.0029946272377902195,1.3495600000,2026-08-14T00:00:00+00:00,,,,PENDING,api,
1b8dae97f7af6d07,4H,2026-08-13T00:00:00+00:00,GBP/USD,D1,SHORT,-0.0029946272377902195,1.3495600000,2026-08-13T04:00:00+00:00,1.3490500000,0.037790,WIN,COMPLETED,api,2026-08-13T16:35:45.548952+00:00
74b7c3cc9ed4d9c9,1H,2026-08-13T00:00:00+00:00,NZD/USD,D1,SHORT,-0.0058517776914267195,0.5858400000,2026-08-13T01:00:00+00:00,0.5859400000,-0.017070,LOSS,COMPLETED,api,2026-08-13T16:35:45.548954+00:00
74b7c3cc9ed4d9c9,24H,2026-08-13T00:00:00+00:00,NZD/USD,D1,SHORT,-0.0058517776914267195,0.5858400000,2026-08-14T00:00:00+00:00,,,,PENDING,api,
74b7c3cc9ed4d9c9,4H,2026-08-13T00:00:00+00:00,NZD/USD,D1,SHORT,-0.0058517776914267195,0.5858400000,2026-08-13T04:00:00+00:00,0.5831700000,0.455756,WIN,COMPLETED,api,2026-08-13T16:35:45.548957+00:00
528f17052e42d90f,1H,2026-08-13T00:00:00+00:00,USD/CHF,D1,LONG,0.0053813779680653194,0.8136400000,2026-08-13T01:00:00+00:00,0.8129800000,-0.081117,LOSS,COMPLETED,api,2026-08-13T16:35:45.548973+00:00
528f17052e42d90f,24H,2026-08-13T00:00:00+00:00,USD/CHF,D1,LONG,0.0053813779680653194,0.8136400000,2026-08-14T00:00:00+00:00,,,,PENDING,api,
528f17052e42d90f,4H,2026-08-13T00:00:00+00:00,USD/CHF,D1,LONG,0.0053813779680653194,0.8136400000,2026-08-13T04:00:00+00:00,0.8143000000,0.081117,WIN,COMPLETED,api,2026-08-13T16:35:45.548976+00:00
3ba0874c8cc8e696,1H,2026-08-13T00:00:00+00:00,USD/JPY,D1,LONG,0.0028853646212598197,159.4315400000,2026-08-13T01:00:00+00:00,159.3436600000,-0.055121,LOSS,COMPLETED,api,2026-08-13T16:35:45.548979+00:00
3ba0874c8cc8e696,24H,2026-08-13T00:00:00+00:00,USD/JPY,D1,LONG,0.0028853646212598197,159.4315400000,2026-08-14T00:00:00+00:00,,,,PENDING,api,
3ba0874c8cc8e696,4H,2026-08-13T00:00:00+00:00,USD/JPY,D1,LONG,0.0028853646212598197,159.4315400000,2026-08-13T04:00:00+00:00,159.4426100000,0.006943,WIN,COMPLETED,api,2026-08-13T16:35:45.548982+00:00
8afe66eebb227594,1H,2026-08-13T08:00:00+00:00,EUR/USD,H1,LONG,0.001533097214591766,1.1527200000,2026-08-13T09:00:00+00:00,1.1525600000,-0.013880,LOSS,COMPLETED,api,2026-08-13T16:35:45.548865+00:00
8afe66eebb227594,24H,2026-08-13T08:00:00+00:00,EUR/USD,H1,LONG,0.001533097214591766,1.1527200000,2026-08-14T08:00:00+00:00,,,,PENDING,api,
8afe66eebb227594,4H,2026-08-13T08:00:00+00:00,EUR/USD,H1,LONG,0.001533097214591766,1.1527200000,2026-08-13T12:00:00+00:00,1.1534400000,0.062461,WIN,COMPLETED,api,2026-08-13T16:35:45.548867+00:00
b9cda4ae9480aa57,1H,2026-08-13T08:00:00+00:00,GBP/USD,H1,LONG,0.000871254723277066,1.3484100000,2026-08-13T09:00:00+00:00,1.3480500000,-0.026698,LOSS,COMPLETED,api,2026-08-13T16:35:45.548870+00:00
b9cda4ae9480aa57,24H,2026-08-13T08:00:00+00:00,GBP/USD,H1,LONG,0.000871254723277066,1.3484100000,2026-08-14T08:00:00+00:00,,,,PENDING,api,
b9cda4ae9480aa57,4H,2026-08-13T08:00:00+00:00,GBP/USD,H1,LONG,0.000871254723277066,1.3484100000,2026-08-13T12:00:00+00:00,1.3493400000,0.068970,WIN,COMPLETED,api,2026-08-13T16:35:45.548873+00:00
e0c7cd788f4f842d,1H,2026-08-13T08:00:00+00:00,NZD/USD,H1,LONG,0.001530895924766766,0.5835300000,2026-08-13T09:00:00+00:00,0.5834200000,-0.018851,LOSS,COMPLETED,api,2026-08-13T16:35:45.548875+00:00
e0c7cd788f4f842d,24H,2026-08-13T08:00:00+00:00,NZD/USD,H1,LONG,0.001530895924766766,0.5835300000,2026-08-14T08:00:00+00:00,,,,PENDING,api,
e0c7cd788f4f842d,4H,2026-08-13T08:00:00+00:00,NZD/USD,H1,LONG,0.001530895924766766,0.5835300000,2026-08-13T12:00:00+00:00,0.5844900000,0.164516,WIN,COMPLETED,api,2026-08-13T16:35:45.548878+00:00
674edbd34b58a86b,1H,2026-08-13T08:00:00+00:00,USD/CHF,H1,SHORT,-0.001884686848395966,0.8129700000,2026-08-13T09:00:00+00:00,0.8128900000,0.009840,WIN,COMPLETED,api,2026-08-13T16:35:45.548881+00:00
674edbd34b58a86b,24H,2026-08-13T08:00:00+00:00,USD/CHF,H1,SHORT,-0.001884686848395966,0.8129700000,2026-08-14T08:00:00+00:00,,,,PENDING,api,
674edbd34b58a86b,4H,2026-08-13T08:00:00+00:00,USD/CHF,H1,SHORT,-0.001884686848395966,0.8129700000,2026-08-13T12:00:00+00:00,0.8125900000,0.046742,WIN,COMPLETED,api,2026-08-13T16:35:45.548883+00:00
20f6781b6631905f,1H,2026-08-13T08:00:00+00:00,USD/JPY,H1,SHORT,-0.0007414687066480954,159.3706800000,2026-08-13T09:00:00+00:00,159.4077500000,-0.023260,LOSS,COMPLETED,api,2026-08-13T16:35:45.548886+00:00
20f6781b6631905f,24H,2026-08-13T08:00:00+00:00,USD/JPY,H1,SHORT,-0.0007414687066480954,159.3706800000,2026-08-14T08:00:00+00:00,,,,PENDING,api,
20f6781b6631905f,4H,2026-08-13T08:00:00+00:00,USD/JPY,H1,SHORT,-0.0007414687066480954,159.3706800000,2026-08-13T12:00:00+00:00,159.3455500000,0.015768,WIN,COMPLETED,api,2026-08-13T16:35:45.548889+00:00
a5a03e458aa390a9,1H,2026-08-13T09:00:00+00:00,GBP/USD,H4,SHORT,-0.0012794453651397346,1.3480500000,2026-08-13T10:00:00+00:00,1.3490700000,-0.075665,LOSS,COMPLETED,api,2026-08-13T16:35:45.548892+00:00
a5a03e458aa390a9,24H,2026-08-13T09:00:00+00:00,GBP/USD,H4,SHORT,-0.0012794453651397346,1.3480500000,2026-08-14T09:00:00+00:00,,,,PENDING,api,
a5a03e458aa390a9,4H,2026-08-13T09:00:00+00:00,GBP/USD,H4,SHORT,-0.0012794453651397346,1.3480500000,2026-08-13T13:00:00+00:00,1.3508400000,-0.206966,LOSS,COMPLETED,api,2026-08-13T16:35:45.548894+00:00
07fe3d993285437e,1H,2026-08-13T09:00:00+00:00,USD/CHF,H4,SHORT,-0.0009821966674403654,0.8128900000,2026-08-13T10:00:00+00:00,0.8121900000,0.086113,WIN,COMPLETED,api,2026-08-13T16:35:45.548897+00:00
07fe3d993285437e,24H,2026-08-13T09:00:00+00:00,USD/CHF,H4,SHORT,-0.0009821966674403654,0.8128900000,2026-08-14T09:00:00+00:00,,,,PENDING,api,
07fe3d993285437e,4H,2026-08-13T09:00:00+00:00,USD/CHF,H4,SHORT,-0.0009821966674403654,0.8128900000,2026-08-13T13:00:00+00:00,0.8116700000,0.150082,WIN,COMPLETED,api,2026-08-13T16:35:45.548904+00:00
8fd2dfd004d45694,1H,2026-08-13T09:00:00+00:00,USD/JPY,H4,LONG,0.0013554056301830345,159.4077500000,2026-08-13T10:00:00+00:00,159.3380300000,-0.043737,LOSS,COMPLETED,api,2026-08-13T16:35:45.548906+00:00
8fd2dfd004d45694,24H,2026-08-13T09:00:00+00:00,USD/JPY,H4,LONG,0.0013554056301830345,159.4077500000,2026-08-14T09:00:00+00:00,,,,PENDING,api,
8fd2dfd004d45694,4H,2026-08-13T09:00:00+00:00,USD/JPY,H4,LONG,0.0013554056301830345,159.4077500000,2026-08-13T13:00:00+00:00,159.1937700000,-0.134234,LOSS,COMPLETED,api,2026-08-13T16:35:45.548909+00:00
872c4d2332eedfc0,1H,2026-08-13T10:00:00+00:00,EUR/USD,H1,LONG,0.00168044744257128,1.1534300000,2026-08-13T11:00:00+00:00,1.1536700000,0.020808,WIN,COMPLETED,api,2026-08-13T16:35:45.548911+00:00
872c4d2332eedfc0,24H,2026-08-13T10:00:00+00:00,EUR/USD,H1,LONG,0.00168044744257128,1.1534300000,2026-08-14T10:00:00+00:00,,,,PENDING,api,
872c4d2332eedfc0,4H,2026-08-13T10:00:00+00:00,EUR/USD,H1,LONG,0.00168044744257128,1.1534300000,2026-08-13T14:00:00+00:00,1.1535000000,0.006069,WIN,COMPLETED,api,2026-08-13T16:35:45.548914+00:00
83b41cddf6aa39d0,1H,2026-08-13T10:00:00+00:00,GBP/USD,H1,LONG,0.00169206617920178,1.3490700000,2026-08-13T11:00:00+00:00,1.3490400000,-0.002224,LOSS,COMPLETED,api,2026-08-13T16:35:45.548917+00:00
83b41cddf6aa39d0,24H,2026-08-13T10:00:00+00:00,GBP/USD,H1,LONG,0.00169206617920178,1.3490700000,2026-08-14T10:00:00+00:00,,,,PENDING,api,
83b41cddf6aa39d0,4H,2026-08-13T10:00:00+00:00,GBP/USD,H1,LONG,0.00169206617920178,1.3490700000,2026-08-13T14:00:00+00:00,1.3499800000,0.067454,WIN,COMPLETED,api,2026-08-13T16:35:45.548919+00:00
89671403ece487f9,1H,2026-08-13T10:00:00+00:00,NZD/USD,H1,LONG,0.00257068131395458,0.5843800000,2026-08-13T11:00:00+00:00,0.5844100000,0.005134,WIN,COMPLETED,api,2026-08-13T16:35:45.548922+00:00
89671403ece487f9,24H,2026-08-13T10:00:00+00:00,NZD/USD,H1,LONG,0.00257068131395458,0.5843800000,2026-08-14T10:00:00+00:00,,,,PENDING,api,
89671403ece487f9,4H,2026-08-13T10:00:00+00:00,NZD/USD,H1,LONG,0.00257068131395458,0.5843800000,2026-08-13T14:00:00+00:00,0.5845700000,0.032513,WIN,COMPLETED,api,2026-08-13T16:35:45.548925+00:00
1f034ce2e4723cba,1H,2026-08-13T10:00:00+00:00,USD/CHF,H1,SHORT,-0.00166595264537658,0.8121900000,2026-08-13T11:00:00+00:00,0.8119900000,0.024625,WIN,COMPLETED,api,2026-08-13T16:35:45.548927+00:00
1f034ce2e4723cba,24H,2026-08-13T10:00:00+00:00,USD/CHF,H1,SHORT,-0.00166595264537658,0.8121900000,2026-08-14T10:00:00+00:00,,,,PENDING,api,
1f034ce2e4723cba,4H,2026-08-13T10:00:00+00:00,USD/CHF,H1,SHORT,-0.00166595264537658,0.8121900000,2026-08-13T14:00:00+00:00,0.8126200000,-0.052943,LOSS,COMPLETED,api,2026-08-13T16:35:45.548930+00:00
f7ba2d73abe05a93,1H,2026-08-13T10:00:00+00:00,USD/JPY,H1,SHORT,-0.00129958533903858,159.3380300000,2026-08-13T11:00:00+00:00,159.3552200000,-0.010788,LOSS,COMPLETED,api,2026-08-13T16:35:45.548933+00:00
f7ba2d73abe05a93,24H,2026-08-13T10:00:00+00:00,USD/JPY,H1,SHORT,-0.00129958533903858,159.3380300000,2026-08-14T10:00:00+00:00,,,,PENDING,api,
f7ba2d73abe05a93,4H,2026-08-13T10:00:00+00:00,USD/JPY,H1,SHORT,-0.00129958533903858,159.3380300000,2026-08-13T14:00:00+00:00,159.2887200000,0.030947,WIN,COMPLETED,api,2026-08-13T16:35:45.548935+00:00
7db4cbe95fad0f4c,1H,2026-08-13T12:00:00+00:00,USD/CHF,H1,LONG,0.0009100506565165774,0.8125900000,2026-08-13T13:00:00+00:00,0.8116700000,-0.113218,LOSS,COMPLETED,api,2026-08-13T16:35:45.548938+00:00
7db4cbe95fad0f4c,24H,2026-08-13T12:00:00+00:00,USD/CHF,H1,LONG,0.0009100506565165774,0.8125900000,2026-08-14T12:00:00+00:00,,,,PENDING,api,
7db4cbe95fad0f4c,4H,2026-08-13T12:00:00+00:00,USD/CHF,H1,LONG,0.0009100506565165774,0.8125900000,2026-08-13T16:00:00+00:00,0.8130000000,0.050456,WIN,COMPLETED,api,2026-08-13T16:35:45.548941+00:00
